height_yrs,calendar_year,n_lineages
315.50960539961534,1708.9903946003847,2
315.50960539961534,1708.9903946003847,2
265.3901245165099,1759.1098754834902,3
242.44829716820053,1782.0517028317995,4
218.13411391676175,1806.3658860832384,5
184.2514383945505,1840.2485616054496,6
180.09578715253727,1844.4042128474628,7
173.8518881988462,1850.6481118011538,8
168.26616269046207,1856.2338373095379,9
166.60667638559207,1857.893323614408,10
147.09760062929593,1877.4023993707042,11
131.963692310071,1892.536307689929,12
128.25927814377985,1896.2407218562203,13
128.16897306546903,1896.3310269345309,14
121.06549866001612,1903.4345013399839,15
113.44018096563096,1911.059819034369,16
109.30316398292943,1915.1968360170706,17
106.12921022429119,1918.3707897757088,18
102.4342940224411,1922.065705977559,19
98.38039964488677,1926.1196003551133,20
98.26896808801087,1926.2310319119892,21
96.74796959019153,1927.7520304098084,22
94.39422162733491,1930.105778372665,23
92.0617214579149,1932.438278542085,24
91.78270977556517,1932.717290224435,25
90.48026750010345,1934.0197324998965,26
88.30718238046185,1936.1928176195381,27
88.30414137977056,1936.1958586202295,28
88.12339356749199,1936.376606432508,29
87.74379687644038,1936.7562031235595,30
85.41787274685157,1939.0821272531484,31
83.74104465863908,1940.758955341361,32
83.27014090040626,1941.2298590995938,33
82.31565598878124,1942.1843440112189,34
81.37996112861822,1943.120038871382,35
80.5439806592569,1943.956019340743,36
78.75133448591865,1945.7486655140813,37
77.87888671172409,1946.6211132882759,38
77.21155430617462,1947.2884456938255,39
74.13096140558179,1950.3690385944183,40
74.12038451983406,1950.379615480166,41
73.34704224483522,1951.1529577551648,42
73.10824122646144,1951.3917587735386,43
72.86132105041982,1951.6386789495803,44
72.69916515573296,1951.800834844267,45
70.06753058726215,1954.4324694127379,46
69.93629923595797,1954.563700764042,47
69.77457464533552,1954.7254253546644,48
68.56352044857968,1955.9364795514202,49
68.30185926770352,1956.1981407322965,50
66.71988514316446,1957.7801148568356,51
65.99574359346587,1958.504256406534,52
65.57476740265994,1958.92523259734,53
65.33908337224038,1959.1609166277597,54
65.05341272305718,1959.4465872769429,55
64.95845886941419,1959.5415411305858,56
64.60767034493792,1959.892329655062,57
64.37317280498603,1960.126827195014,58
64.00414504204778,1960.4958549579521,59
63.5092065889564,1960.9907934110436,60
63.239271492949044,1961.260728507051,61
63.2365651298897,1961.2634348701104,62
62.6756408255039,1961.824359174496,63
62.23696347346385,1962.263036526536,64
61.832332502528516,1962.6676674974715,65
61.5460727893447,1962.9539272106554,66
61.37763166190556,1963.1223683380945,67
61.344663215343246,1963.1553367846568,68
60.295105754478435,1964.2048942455215,69
59.69386681148135,1964.8061331885187,70
59.148569692050394,1965.3514303079496,71
58.55198683289144,1965.9480131671085,72
57.754171907524686,1966.7458280924752,73
57.57177793319118,1966.9282220668088,74
57.46683681054521,1967.0331631894549,75
57.46624975219058,1967.0337502478094,76
57.155134074382644,1967.3448659256173,77
56.81357582457842,1967.6864241754215,78
56.299556949391174,1968.2004430506088,79
56.04955232898966,1968.4504476710104,80
55.73438301441463,1968.7656169855854,81
55.625043420579715,1968.8749565794203,82
54.965456085540055,1969.5345439144598,83
54.893848041325974,1969.606151958674,84
54.71991731135669,1969.7800826886432,85
54.717101351373756,1969.7828986486263,86
54.577502406679166,1969.922497593321,87
53.8542799706136,1970.6457200293864,88
53.826634958776815,1970.6733650412232,89
53.73733172152851,1970.7626682784714,90
53.10391305722148,1971.3960869427785,91
52.82149274075675,1971.6785072592434,92
52.76359071645293,1971.7364092835471,93
52.408872607928096,1972.091127392072,94
52.31926472507573,1972.1807352749242,95
52.30834071385062,1972.1916592861494,96
52.30713294696416,1972.1928670530358,97
52.223748613165824,1972.2762513868342,98
51.83558573763191,1972.6644142623682,99
51.72933224504023,1972.7706677549597,100
51.461312682211165,1973.0386873177888,101
51.39232769927225,1973.1076723007277,102
50.80418491350917,1973.695815086491,103
50.13499034393117,1974.3650096560689,104
50.12441813742393,1974.3755818625762,105
49.32990662928461,1975.1700933707154,106
49.24713185080068,1975.2528681491992,107
48.71669906013578,1975.7833009398641,108
48.62418120035157,1975.8758187996484,109
48.48087913012596,1976.019120869874,110
48.29234409970022,1976.2076559002999,111
48.19205300276553,1976.3079469972345,112
48.04214828478612,1976.4578517152138,113
47.99278372083879,1976.5072162791612,114
47.79822145940588,1976.7017785405942,115
47.565370478471436,1976.9346295215287,116
46.942007506970306,1977.5579924930296,117
46.7858643206633,1977.7141356793368,118
46.617593086142875,1977.882406913857,119
46.34639331827547,1978.1536066817246,120
46.31652401047328,1978.1834759895266,121
45.85769953294038,1978.6423004670596,122
45.80181219597093,1978.698187804029,123
45.660459388034866,1978.839540611965,124
45.52207595155046,1978.9779240484495,125
45.250908600300555,1979.2490913996994,126
45.00056124428427,1979.4994387557158,127
44.97554983274104,1979.524450167259,128
44.83174380958284,1979.6682561904172,129
44.53906979202164,1979.9609302079784,130
44.3100813708829,1980.189918629117,131
44.263264363224806,1980.2367356367752,132
44.19516589682777,1980.3048341031722,133
44.12568526016343,1980.3743147398366,134
44.11548650736227,1980.3845134926378,135
44.065997017864895,1980.434002982135,136
43.99606574007341,1980.5039342599266,137
43.78916351099746,1980.7108364890025,138
43.766487070650676,1980.7335129293492,139
43.75191214680678,1980.7480878531933,140
43.74863925988278,1980.7513607401172,141
43.66920547680105,1980.8307945231988,142
43.62861104689114,1980.8713889531089,143
43.31884164809318,1981.1811583519068,144
42.97942437333907,1981.520575626661,145
42.80562157337332,1981.6943784266266,146
42.52680959963298,1981.973190400367,147
42.497312949974535,1982.0026870500255,148
42.457421267122626,1982.0425787328775,149
42.40078147959355,1982.0992185204063,150
42.276015219188594,1982.2239847808114,151
42.085144100526534,1982.4148558994734,152
41.63734426945132,1982.8626557305488,153
41.60299260677835,1982.8970073932217,154
41.30414046278207,1983.195859537218,155
41.017190087837236,1983.4828099121628,156
40.842102768429044,1983.657897231571,157
40.70388843203635,1983.7961115679636,158
40.583445052088365,1983.9165549479117,159
40.519518431501815,1983.9804815684981,160
40.25087476042257,1984.2491252395773,161
39.93036334983654,1984.5696366501634,162
39.922667882417585,1984.5773321175825,163
39.877047558424266,1984.6229524415758,164
39.79260878212517,1984.7073912178748,165
39.365552481893765,1985.1344475181063,166
39.202086656402415,1985.2979133435977,167
39.20037366693765,1985.2996263330624,168
38.91559296140336,1985.5844070385967,169
38.87224541730623,1985.6277545826938,170
38.853219996916984,1985.646780003083,171
38.69272432343089,1985.8072756765691,172
38.66256456744524,1985.8374354325547,173
38.33329539539815,1986.1667046046018,174
38.316128915686214,1986.1838710843138,175
38.31172552049115,1986.188274479509,176
38.19048919626758,1986.3095108037323,177
37.84274815571352,1986.6572518442865,178
37.81580222123341,1986.6841977787667,179
37.65141416462082,1986.8485858353793,180
37.52658952774241,1986.9734104722577,181
37.47980305947864,1987.0201969405214,182
37.3462517896764,1987.1537482103236,183
37.260725349989194,1987.2392746500109,184
37.217341734769285,1987.2826582652308,185
36.84414200384776,1987.6558579961522,186
36.801807323926624,1987.6981926760734,187
36.67978684202745,1987.8202131579726,188
36.617588532437125,1987.8824114675629,189
36.44035438703863,1988.0596456129613,190
36.38013734087877,1988.1198626591213,191
36.367305830545824,1988.1326941694542,192
36.16502686596398,1988.334973134036,193
36.00638402898002,1988.49361597102,194
35.9204614721989,1988.579538527801,195
35.904741282253966,1988.595258717746,196
35.73502293397258,1988.7649770660273,197
35.67090961564917,1988.8290903843508,198
35.65293290393347,1988.8470670960664,199
35.65259015665506,1988.8474098433448,200
35.45642366313943,1989.0435763368605,201
35.400112239264686,1989.0998877607353,202
35.3937133673039,1989.106286632696,203
35.335859613369166,1989.1641403866308,204
35.3098258011435,1989.1901741988565,205
35.252895480380595,1989.2471045196194,206
35.055464691677194,1989.4445353083229,207
34.81832651021829,1989.6816734897818,208
34.8156139845202,1989.6843860154797,209
34.61409887472999,1989.88590112527,210
34.34207002958432,1990.1579299704156,211
34.333716717159525,1990.1662832828404,212
33.94220314927127,1990.5577968507287,213
33.889377994344116,1990.6106220056558,214
33.74332383280032,1990.7566761671997,215
33.67789681460177,1990.8221031853982,216
33.63214278139655,1990.8678572186034,217
33.6114315410277,1990.8885684589723,218
33.54950047519356,1990.9504995248064,219
33.41252871613128,1991.0874712838688,220
33.35187659142633,1991.1481234085736,221
33.305522825771625,1991.1944771742283,222
33.29958750756978,1991.2004124924301,223
33.24294469543491,1991.257055304565,224
33.21887370270502,1991.281126297295,225
33.15878818309492,1991.3412118169051,226
33.06989458985213,1991.430105410148,227
33.050138409944616,1991.4498615900554,228
32.883932791942044,1991.616067208058,229
32.064263678549224,1992.4357363214508,230
31.983537105177145,1992.5164628948228,231
31.9694264086873,1992.5305735913128,232
31.96247098374837,1992.5375290162517,233
31.847767131631873,1992.6522328683682,234
31.695169094999514,1992.8048309050005,235
31.651353523742916,1992.848646476257,236
31.592865081742726,1992.9071349182573,237
31.589790573304704,1992.9102094266952,238
31.545262207312902,1992.9547377926872,239
31.476321587223623,1993.0236784127765,240
31.309890841574795,1993.1901091584252,241
31.20538056454562,1993.2946194354545,242
31.08944868845203,1993.410551311548,243
31.076235134772777,1993.4237648652272,244
30.987860881745934,1993.512139118254,245
30.904411850170828,1993.5955881498292,246
30.898423326842565,1993.6015766731575,247
30.850284076867954,1993.6497159231321,248
30.458597252041987,1994.041402747958,249
30.386739249686123,1994.1132607503139,250
30.378444602783738,1994.1215553972163,251
30.243247455285218,1994.2567525447148,252
30.169444895510917,1994.3305551044891,253
30.087496794451074,1994.412503205549,254
30.05411757337463,1994.4458824266253,255
29.99373039827414,1994.5062696017258,256
29.77635589372472,1994.7236441062753,257
29.737641117656835,1994.762358882343,258
29.699311529091577,1994.8006884709084,259
29.62864832154764,1994.8713516784524,260
29.55744127602684,1994.9425587239732,261
29.552295601768538,1994.9477043982315,262
29.4485106423669,1995.051489357633,263
29.248480652696664,1995.2515193473034,264
29.22289660708339,1995.2771033929166,265
29.134866483016296,1995.3651335169836,266
29.045602624041003,1995.454397375959,267
28.970699725589014,1995.529300274411,268
28.954515724131628,1995.5454842758684,269
28.95446877182017,1995.54553122818,270
28.797636082300343,1995.7023639176996,271
28.573393193077816,1995.926606806922,272
28.489345980579756,1996.0106540194201,273
28.489117986978737,1996.0108820130213,274
28.43963099603244,1996.0603690039675,275
28.340618698412587,1996.1593813015875,276
28.327580486814018,1996.172419513186,277
28.159797858159184,1996.3402021418408,278
28.151904141548197,1996.3480958584519,279
28.077991283661976,1996.422008716338,280
28.029381808555108,1996.4706181914448,281
27.99591985088369,1996.5040801491164,282
27.983063922280174,1996.5169360777197,283
27.900657304289567,1996.5993426957104,284
27.890208924721364,1996.6097910752787,285
27.825049401424895,1996.6749505985752,286
27.7607032019637,1996.7392967980363,287
27.707778591123954,1996.792221408876,288
27.571813210708317,1996.9281867892917,289
27.571234551950496,1996.9287654480495,290
27.45151329172906,1997.048486708271,291
27.397881060013702,1997.1021189399862,292
27.383191804504552,1997.1168081954954,293
27.27858656422311,1997.2214134357769,294
27.244702056303584,1997.2552979436964,295
27.237466981848343,1997.2625330181518,296
27.229532217611897,1997.270467782388,297
27.180061853951386,1997.3199381460486,298
27.176329470879296,1997.3236705291206,299
27.093939321183967,1997.406060678816,300
27.078972602073442,1997.4210273979265,301
26.963135320091723,1997.5368646799084,302
26.89944908026752,1997.6005509197325,303
26.855323633050105,1997.6446763669499,304
26.841979859186665,1997.6580201408133,305
26.586967824783823,1997.9130321752161,306
26.523926459321256,1997.9760735406787,307
26.490885511146466,1998.0091144888536,308
26.410713105884884,1998.089286894115,309
25.964651451125235,1998.5353485488747,310
25.84210231670171,1998.6578976832982,311
25.841698938675197,1998.658301061325,312
25.800671793697813,1998.6993282063022,313
25.78315275042036,1998.7168472495796,314
25.737024156411785,1998.7629758435883,315
25.68696870664577,1998.8130312933542,316
25.64656588949222,1998.8534341105078,317
25.51801028664725,1998.9819897133527,318
25.509510705162263,1998.9904892948377,319
25.50923281172973,1998.9907671882702,320
25.448497726182534,1999.0515022738175,321
25.43747462339007,1999.06252537661,322
25.353774609159593,1999.1462253908403,323
25.317223182214,1999.182776817786,324
25.159862101939705,1999.3401378980602,325
25.087196287906277,1999.4128037120938,326
25.08136792714498,1999.418632072855,327
25.066127551126524,1999.4338724488734,328
24.927835683331992,1999.572164316668,329
24.848336565368687,1999.6516634346312,330
24.84796412718358,1999.6520358728164,331
24.79421080331928,1999.7057891966808,332
24.79063946209335,1999.7093605379066,333
24.689743494750385,1999.8102565052495,334
24.687215011722177,1999.8127849882778,335
24.666581829136152,1999.8334181708638,336
24.650415344127985,1999.849584655872,337
24.59117191445386,1999.9088280855462,338
24.35685159793129,2000.1431484020686,339
24.26269584023532,2000.2373041597648,340
24.245101343969004,2000.254898656031,341
24.107558604563568,2000.3924413954364,342
24.08936694444425,2000.4106330555558,343
24.05999171014993,2000.44000828985,344
24.00684853875644,2000.4931514612435,345
23.969815752693957,2000.5301842473061,346
23.85909848834006,2000.6409015116599,347
23.82459583668462,2000.6754041633153,348
23.81236855900359,2000.6876314409965,349
23.67438385574394,2000.825616144256,350
23.67233645293416,2000.8276635470659,351
23.658379501322955,2000.841620498677,352
23.56730180695105,2000.932698193049,353
23.48358355794572,2001.0164164420544,354
23.48285314436393,2001.0171468556362,355
23.43909213594886,2001.0609078640512,356
23.40012052408927,2001.0998794759107,357
23.388764333652894,2001.111235666347,358
23.35920556800585,2001.1407944319942,359
23.316831712621408,2001.1831682873785,360
23.31020581505098,2001.189794184949,361
23.282161602095414,2001.2178383979046,362
23.273065542721213,2001.2269344572787,363
23.200221750331302,2001.2997782496686,364
23.187607084608537,2001.3123929153915,365
23.105237576761567,2001.3947624232385,366
23.069407284446104,2001.430592715554,367
23.065912408322966,2001.434087591677,368
22.9716499692744,2001.5283500307255,369
22.93224762511303,2001.567752374887,370
22.92394222330907,2001.576057776691,371
22.880226749046013,2001.619773250954,372
22.806492065124328,2001.6935079348757,373
22.726145645174107,2001.773854354826,374
22.67250021007335,2001.8274997899266,375
22.651727116833715,2001.8482728831664,376
22.58182035506488,2001.9181796449352,377
22.533202320953666,2001.9667976790463,378
22.511834818677812,2001.988165181322,379
22.46158457238558,2002.0384154276144,380
22.28380507670561,2002.2161949232943,381
22.28094937593334,2002.2190506240668,382
22.278652929569606,2002.2213470704303,383
22.208853704929687,2002.2911462950703,384
22.065409621608556,2002.4345903783915,385
22.035429845189185,2002.4645701548109,386
22.0317317043098,2002.4682682956902,387
22.003410045292952,2002.4965899547071,388
21.93556787193708,2002.564432128063,389
21.883435581576045,2002.6165644184239,390
21.872919619418187,2002.627080380582,391
21.817079178274895,2002.682920821725,392
21.78914382868219,2002.7108561713178,393
21.70954179541158,2002.7904582045885,394
21.680502402431927,2002.819497597568,395
21.631797181022286,2002.8682028189778,396
21.562387332036174,2002.9376126679638,397
21.346203500192317,2003.1537964998076,398
21.258014733899113,2003.241985266101,399
21.19434455972261,2003.3056554402774,400
21.142434763274334,2003.3575652367256,401
21.102180361424942,2003.3978196385751,402
21.100543897264536,2003.3994561027355,403
21.016893689677417,2003.4831063103227,404
20.98124375119404,2003.5187562488059,405
20.969182172169766,2003.5308178278303,406
20.89779750041738,2003.6022024995825,407
20.83543048367814,2003.6645695163218,408
20.798727684179337,2003.7012723158207,409
20.73019271243665,2003.7698072875633,410
20.684541128537216,2003.8154588714629,411
20.494609300300887,2004.005390699699,412
20.37260224332681,2004.1273977566732,413
20.35314870032438,2004.1468512996755,414
20.325826819087833,2004.1741731809122,415
20.274721773941053,2004.225278226059,416
20.231185917662135,2004.268814082338,417
20.13819910056524,2004.3618008994347,418
20.130961722289502,2004.3690382777104,419
19.931614544511934,2004.5683854554882,420
19.93035895998533,2004.5696410400146,421
19.866796625879843,2004.63320337412,422
19.837793833118813,2004.662206166881,423
19.806222437836205,2004.6937775621639,424
19.767370571014105,2004.732629428986,425
19.687774447708488,2004.8122255522915,426
19.68423045251362,2004.8157695474863,427
19.58406261438447,2004.9159373856155,428
19.548124700410774,2004.9518752995891,429
19.531916356217913,2004.9680836437822,430
19.522781822248113,2004.9772181777519,431
19.492696339765402,2005.0073036602346,432
19.359747186195246,2005.1402528138049,433
19.354542940775836,2005.145457059224,434
19.297925883676246,2005.2020741163237,435
19.256725904728683,2005.2432740952713,436
19.24751882531829,2005.2524811746816,437
19.15813513534503,2005.341864864655,438
18.9966344171955,2005.5033655828045,439
18.95987410809258,2005.5401258919073,440
18.896176956462803,2005.6038230435372,441
18.89165106192925,2005.6083489380708,442
18.800104736881007,2005.699895263119,443
18.620042094556414,2005.8799579054437,444
18.600712853505332,2005.8992871464948,445
18.592349903580434,2005.9076500964195,446
18.572632826770434,2005.9273671732296,447
18.56325829400189,2005.9367417059982,448
18.50514672786685,2005.9948532721332,449
18.49792392258539,2006.0020760774146,450
18.30437518104263,2006.1956248189574,451
18.2785851613313,2006.2214148386688,452
18.225368696519396,2006.2746313034806,453
18.219848843556157,2006.280151156444,454
18.117251052693753,2006.3827489473063,455
18.05171861016682,2006.4482813898333,456
17.985451565619226,2006.5145484343807,457
17.852470344415565,2006.6475296555845,458
17.76568487410668,2006.7343151258933,459
17.761102512255718,2006.7388974877442,460
17.615180153388696,2006.8848198466112,461
17.581619366733115,2006.918380633267,462
17.56818987884741,2006.9318101211527,463
17.484624549138626,2007.0153754508615,464
17.407192640411445,2007.0928073595885,465
17.320044007808594,2007.1799559921915,466
17.054757663265256,2007.4452423367347,467
16.918252703594735,2007.5817472964052,468
16.856200631990674,2007.6437993680092,469
16.823951823184665,2007.6760481768154,470
16.646526179407978,2007.853473820592,471
16.4525425312532,2008.0474574687469,472
16.43971644235657,2008.0602835576435,473
16.389704787806274,2008.1102952121937,474
16.38438719259168,2008.1156128074083,475
16.092280259821727,2008.4077197401782,476
15.933490596795753,2008.5665094032042,477
15.833910529211327,2008.6660894707886,478
15.807137998600655,2008.6928620013994,479
15.785751822913445,2008.7142481770866,480
15.561404356432151,2008.9385956435679,481
15.500591661813447,2008.9994083381866,482
15.408576681684623,2009.0914233183153,483
15.342834962100607,2009.1571650378994,484
15.323818227227413,2009.1761817727727,485
15.309312599528978,2009.190687400471,486
15.299125455435124,2009.2008745445648,487
15.288762553925558,2009.2112374460744,488
15.13283542893102,2009.367164571069,489
15.048719005947564,2009.4512809940525,490
15.045329261138356,2009.4546707388618,491
15.038676590937161,2009.4613234090627,492
14.931424195424754,2009.5685758045752,493
14.589209188036264,2009.9107908119638,494
14.492574783016781,2010.0074252169832,495
14.404902541162091,2010.095097458838,496
14.316299377321656,2010.1837006226783,497
14.277307555098675,2010.2226924449012,498
14.187005458234358,2010.3129945417656,499
13.956513905399708,2010.5434860946002,500
13.40615075068225,2011.0938492493178,501
13.39542433856874,2011.1045756614312,502
12.9372600359681,2011.5627399640318,503
12.888367394915269,2011.6116326050847,504
12.791399940709566,2011.7086000592903,505
12.742332973178131,2011.7576670268218,506
12.436179531239457,2012.0638204687605,507
12.435509765411316,2012.0644902345887,508
12.389224714887918,2012.1107752851121,509
12.192435162352691,2012.3075648376473,510
12.073865281099115,2012.4261347189008,511
11.97311068075374,2012.5268893192463,512
11.52292223122144,2012.9770777687786,513
11.262519322529354,2013.2374806774706,514
11.01808898971648,2013.4819110102835,515
10.876567294437553,2013.6234327055624,516
10.850587115969088,2013.6494128840309,517
10.581541929806708,2013.9184580701933,518
10.413208821966936,2014.086791178033,519
10.21868477411668,2014.2813152258834,520
9.972802208461186,2014.5271977915388,521
9.82380006067855,2014.6761999393214,522
8.80180421879655,2015.6981957812034,523
8.702464968922714,2015.7975350310774,524
8.17103128401345,2016.3289687159865,525
8.059656394119465,2016.4403436058806,526
6.312362998255952,2018.187637001744,527
2.0865005437728925,2022.413499456227,528
