node_id,n_tips,height_yrs,hpd_lo_yrs,hpd_hi_yrs,calendar_mean,calendar_hpd_lo,calendar_hpd_hi,posterior
0,528,315.50960539961534,227.76042241004708,415.11692015196763,1708.9903946003847,1609.3830798480324,1796.739577589953,1.0
1,476,242.44829716820053,171.86948043401313,320.6285044873641,1782.0517028317995,1703.8714955126359,1852.6305195659868,0.999855557160476
2,475,184.2514383945505,129.81161961552397,243.33204538047295,1840.2485616054496,1781.167954619527,1894.688380384476,0.9997666692592304
3,474,128.25927814377985,91.7376594636541,168.0032343546502,1896.2407218562203,1856.4967656453498,1932.7623405363458,0.999855557160476
4,446,121.06549866001612,87.21157017564543,158.71390744364425,1903.4345013399839,1865.7860925563557,1937.2884298243546,0.8680570215886491
10,440,113.44018096563096,81.84199697585095,148.0361668538928,1911.059819034369,1876.4638331461072,1942.6580030241491,0.9998444461728203
11,367,109.30316398292943,78.59075163860817,142.5354937516571,1915.1968360170706,1881.9645062483428,1945.9092483613917,0.7361029321896423
12,363,102.4342940224411,73.72406542108055,132.92110113216728,1922.065705977559,1891.5788988678328,1950.7759345789195,0.999855557160476
13,214,92.0617214579149,65.40148345421645,120.72716511856908,1932.438278542085,1903.772834881431,1959.0985165457835,0.7967578138020689
226,149,98.26896808801087,71.68874990620779,128.3031802218523,1926.2310319119892,1896.1968197781478,1952.8112500937923,0.7823690847879468
227,135,94.39422162733491,69.05198244307917,123.26949440334039,1930.105778372665,1901.2305055966597,1955.4480175569208,0.40515105387717915
228,134,87.74379687644038,63.698763950643695,113.89581698258237,1936.7562031235595,1910.6041830174177,1960.8012360493562,0.9865557049366118
239,123,85.41787274685157,62.12607626240097,110.30856943805173,1939.0821272531484,1914.1914305619482,1962.373923737599,0.3213519849779447
240,118,80.5439806592569,58.929101172717054,105.08605631610737,1943.956019340743,1919.4139436838927,1965.570898827283,0.9811113209853224
116,111,81.37996112861822,59.071052555572464,106.90952933718694,1943.120038871382,1917.590470662813,1965.4289474444276,0.027410806546593926
241,104,68.30185926770352,48.58969414274398,89.87597161421093,1956.1981407322965,1934.6240283857892,1975.910305857256,0.1944533949622782
14,103,82.31565598878124,59.1191800969533,113.91396163593095,1942.1843440112189,1910.586038364069,1965.3808199030468,0.012710969878112465
117,81,64.95845886941419,45.279553872505545,85.90088526263,1959.5415411305858,1938.59911473737,1979.2204461274944,0.11185431272985856
118,80,61.37763166190556,41.61952863903599,82.62653420740207,1963.1223683380945,1941.873465792598,1982.880471360964,0.06272152531638538
119,76,54.717101351373756,37.30756652864804,74.31836531543485,1969.7828986486263,1950.181634684565,1987.192433471352,0.3876401373318074
377,73,88.30718238046185,61.579080958541,118.30647505473942,1936.1928176195381,1906.1935249452606,1962.920919041459,0.999966667037033
120,68,50.80418491350917,35.79017634447388,66.52315764832889,1973.695815086491,1957.9768423516712,1988.7098236555262,0.10733214075399163
279,66,62.23696347346385,44.08966118176551,83.71697444320802,1962.263036526536,1940.783025556792,1980.4103388182345,0.02456639370673659
280,61,61.832332502528516,43.32650136716177,82.2324897909146,1962.6676674974715,1942.2675102090855,1981.1734986328383,0.13325407495472272
15,53,63.5092065889564,46.41854318881781,82.91135992287457,1960.9907934110436,1941.5886400771255,1978.0814568111823,0.8672903634404062
476,52,265.3901245165099,190.9956187448732,348.3938738891322,1759.1098754834902,1676.1061261108678,1833.5043812551269,0.9991222319752002
67,50,78.75133448591865,54.48637865061096,104.93664228293039,1945.7486655140813,1919.5633577170697,1970.013621349389,0.1895645603937734
68,49,64.00414504204778,43.829944482617236,86.43504857339275,1960.4958549579521,1938.0649514266072,1980.6700555173827,0.25751936089599003
378,48,77.21155430617462,54.432767014934285,103.16951514250263,1947.2884456938255,1921.3304848574974,1970.0672329850656,0.9552560527105255
483,45,218.13411391676175,157.59677520325502,287.1665499667188,1806.3658860832384,1737.3334500332812,1866.903224796745,1.0
16,45,60.295105754478435,45.216943383568974,76.37731683690089,1964.2048942455215,1948.122683163099,1979.283056616431,0.02992188975678048
296,45,57.754171907524686,38.82174206678508,78.43674373732915,1966.7458280924752,1946.0632562626708,1985.6782579332148,0.058954900501105544
297,43,56.81357582457842,40.45892455225422,76.66492999591327,1967.6864241754215,1947.8350700040867,1984.0410754477457,0.12458750458328241
121,43,47.565370478471436,31.85641564250409,62.58644864110238,1976.9346295215287,1961.9135513588976,1992.643584357496,0.02865523716403151
20,41,57.155134074382644,43.34216320623068,72.76456306165966,1967.3448659256173,1951.7354369383404,1981.1578367937693,0.009633226297485583
379,39,69.93629923595797,50.2046830329146,91.93084760302838,1954.563700764042,1932.5691523969717,1974.2953169670855,0.632992966744814
122,38,44.065997017864895,31.42555033200449,57.17767120197277,1980.434002982135,1967.3223287980272,1993.0744496679954,0.0019222008644348397
242,38,51.39232769927225,36.60105748500985,67.8821939176101,1973.1076723007277,1956.61780608239,1987.8989425149903,0.5257163809291008
298,36,54.71991731135669,38.1799788622553,73.3268933443403,1969.7800826886432,1951.1731066556597,1986.3200211377448,0.660325996377818
243,36,49.24713185080068,36.32961171764978,64.82519881569516,1975.2528681491992,1959.674801184305,1988.1703882823501,0.05207719914223175
299,35,42.457421267122626,29.38362754997749,56.77226045832083,1982.0425787328775,1967.727739541679,1995.1163724500225,0.9998111132098533
123,33,39.93036334983654,29.295079495895862,52.24482311009558,1984.5696366501634,1972.2551768899043,1995.2049205041042,0.052988300129998556
197,30,72.86132105041982,51.37702970457738,96.75389564166665,1951.6386789495803,1927.7461043583335,1973.1229702954226,0.6989700114443173
449,28,77.87888671172409,53.77190157360829,104.37664284885506,1946.6211132882759,1920.123357151145,1970.7280984263916,1.0
69,26,42.40078147959355,28.285592665602735,59.80663179573469,1982.0992185204063,1964.6933682042654,1996.2144073343973,0.4890945656159376
484,26,180.09578715253727,129.37441280484563,234.71156614496698,1844.4042128474628,1789.788433855033,1895.1255871951544,1.0
163,25,33.06989458985213,22.686517042730657,44.791220919602324,1991.430105410148,1979.7087790803976,2001.8134829572693,0.10203219964222619
425,25,73.10824122646144,48.69412381192248,99.36620843245427,1951.3917587735386,1925.1337915675458,1975.8058761880775,0.9776224708614348
70,24,42.085144100526534,27.75616299240653,58.913516222250166,1982.4148558994734,1965.58648377775,1996.7438370075934,0.11797646692814524
426,24,51.461312682211165,35.68819146530376,69.198953793172,1973.0386873177888,1955.301046206828,1988.8118085346962,1.0
450,24,55.73438301441463,38.60160890272016,75.07888359027828,1968.7656169855854,1949.4211164097217,1985.8983910972797,1.0
21,24,46.617593086142875,34.276751888607606,60.37506679458323,1977.882406913857,1964.1249332054167,1990.2232481113924,0.9212119865334829
94,23,57.46624975219058,39.81371487419358,75.71621586072206,1967.0337502478094,1948.783784139278,1984.6862851258065,0.09611004322174198
124,23,36.617588532437125,26.642143773295288,47.17646343934189,1987.8824114675629,1977.323536560658,1997.8578562267048,0.08715458717125366
257,22,45.85769953294038,33.40618728811404,59.52805401299963,1978.6423004670596,1964.9719459870003,1991.093812711886,0.007844357284919057
451,21,44.11548650736227,31.262104667575272,58.4895851153712,1980.3845134926378,1966.0104148846287,1993.2378953324246,1.0
300,21,33.21887370270502,24.43094331534496,43.75509445500268,1991.281126297295,1980.7449055449974,2000.0690566846552,0.38578460239330675
95,20,52.82149274075675,36.86118767592595,70.05647016476433,1971.6785072592434,1954.4435298352357,1987.638812324074,0.04962167087032366
380,20,64.60767034493792,46.208750127460604,85.50454667456063,1959.892329655062,1938.9954533254395,1978.2912498725393,0.2797191142320641
485,20,168.26616269046207,120.9774698895568,222.09351370231906,1856.2338373095379,1802.4064862976809,1903.5225301104433,0.8602793302296641
207,20,65.33908337224038,46.197337372097536,86.7743949282505,1959.1609166277597,1937.7256050717494,1978.3026626279025,0.5445828379684671
509,19,147.09760062929593,102.9749353273443,197.33471776980423,1877.4023993707042,1827.1652822301958,1921.5250646726556,1.0
96,19,51.72933224504023,35.339819189882064,67.23186159354907,1972.7706677549597,1957.2681384064508,1989.160180810118,0.022110865434828503
399,19,55.625043420579715,38.67964847651115,74.67789207478069,1968.8749565794203,1949.8221079252194,1985.8203515234889,1.0
22,18,42.97942437333907,33.80778778992425,54.86661299026224,1981.520575626661,1969.6333870097378,1990.6922122100757,0.003188853457183809
452,18,36.67978684202745,26.502175137457357,48.15328647130082,1987.8202131579726,1976.3467135286992,1997.9978248625425,1.0
510,18,91.78270977556517,62.510066693521566,124.94542153056909,1932.717290224435,1899.554578469431,1961.9899333064784,1.0
301,18,32.064263678549224,23.262194160994483,42.15654554737222,1992.4357363214508,1982.3434544526278,2001.2378058390054,0.053688292352307196
44,17,52.31926472507573,39.82956657531122,66.67886601542955,1972.1807352749242,1957.8211339845705,1984.6704334246888,0.010310996544482838
433,17,46.31652401047328,31.9490600343876,62.70087766277186,1978.1834759895266,1961.7991223372283,1992.5509399656123,0.8469350340551771
302,17,28.954515724131628,21.247365538208726,38.05756869400801,1995.5454842758684,1986.442431305992,2003.2526344617913,0.5600604437728469
281,16,43.99606574007341,29.525948864730452,60.479490982524226,1980.5039342599266,1964.020509017476,1994.9740511352695,1.0
172,16,29.248480652696664,20.581948468188358,38.8543445799603,1995.2515193473034,1985.6456554200397,2003.9180515318117,0.005755491605648826
402,16,52.76359071645293,37.179057356339825,70.8294888460822,1971.7364092835471,1953.6705111539177,1987.3209426436601,0.2956744925056388
211,16,61.5460727893447,43.621597762531565,81.98555366144058,1962.9539272106554,1942.5144463385595,1980.8784022374684,0.5579271341429539
45,16,48.62418120035157,35.410496787866975,63.90485785100816,1975.8758187996484,1960.5951421489917,1989.089503212133,0.05722158642681748
486,15,128.16897306546903,90.79493145602191,170.00241054593874,1896.3310269345309,1854.4975894540612,1933.705068543978,1.0
282,15,34.61409887472999,24.16128749751249,46.698313365765046,1989.88590112527,1977.801686634235,2000.3387125024874,0.9887334585171276
403,15,47.99278372083879,33.76877467487586,64.74621733035042,1976.5072162791612,1959.7537826696496,1990.7312253251241,0.9551560538216242
303,15,26.490885511146466,19.649493221526654,34.86177704160548,1998.0091144888536,1989.6382229583946,2004.8505067784733,0.5743713958733792
97,14,46.34639331827547,32.51567575106861,62.764751789422064,1978.1536066817246,1961.735248210578,1991.9843242489314,0.19252008311018767
320,14,37.260725349989194,23.51701107510212,50.95952425631384,1987.2392746500109,1973.540475743686,2000.9829889248979,0.09059899334451839
244,14,36.44035438703863,25.959345368662525,47.23936033529452,1988.0596456129613,1977.2606396647054,1998.5406546313375,0.07101032210753214
344,14,73.34704224483522,54.17885348911443,94.9762533686038,1951.1529577551648,1929.523746631396,1970.3211465108857,0.20091998977789136
361,14,88.12339356749199,61.549290922965355,117.87842783576849,1936.376606432508,1906.6215721642316,1962.9507090770346,0.5835379606893256
487,14,90.48026750010345,64.86725237151722,119.75804444951422,1934.0197324998965,1904.7419555504857,1959.6327476284828,1.0
345,13,72.69916515573296,52.40790303922711,95.478262891805,1951.800834844267,1929.0217371081949,1972.0920969607728,0.8645015055388273
245,13,34.333716717159525,25.119473927687352,46.34192809756132,1990.1662832828404,1978.1580719024387,1999.3805260723127,0.03542182864634837
81,13,33.35187659142633,23.50455519761715,45.05607463502156,1991.1481234085736,1979.4439253649784,2000.9954448023827,0.12148753902734415
98,13,43.78916351099746,29.90402766162603,58.820344858327076,1980.7108364890025,1965.6796551416728,1994.595972338374,0.07765469272563638
258,13,38.66256456744524,27.616215160410064,51.24961597478432,1985.8374354325547,1973.2503840252157,1996.88378483959,0.9395006722147532
283,13,29.99373039827414,21.556262285320713,39.37366923922525,1994.5062696017258,1985.1263307607746,2002.9437377146792,0.5388051243875068
321,12,35.73502293397258,24.40093067983608,48.0872880136688,1988.7649770660273,1976.4127119863313,2000.0990693201638,0.0312552082754636
46,12,43.766487070650676,30.467561104660547,59.00010388922453,1980.7335129293492,1965.4998961107754,1994.0324388953395,0.42388417906467707
284,12,28.489345980579756,21.022830028263286,37.570708939176825,1996.0106540194201,1986.9292910608233,2003.4771699717367,0.2753636070710325
488,12,83.27014090040626,59.3481805449986,109.63562673168286,1941.2298590995938,1914.8643732683172,1965.1518194550015,0.8204686614593171
346,12,68.56352044857968,49.106619197732954,90.35301727944,1955.9364795514202,1934.1469827205601,1975.393380802267,0.7516249819446451
125,12,31.076235134772777,23.55706143605792,39.6659329164051,1993.4237648652272,1984.8340670835948,2000.942938563942,0.3768958122687526
23,12,43.66920547680105,32.57619233043113,56.24361991764016,1980.8307945231988,1968.2563800823598,1991.9238076695688,0.09311007655470495
136,11,33.54950047519356,24.915565564225574,43.01341799214896,1990.9504995248064,1981.486582007851,1999.5844344357745,0.09534338507349918
47,11,38.69272432343089,26.364724264504446,51.667257839908075,1985.8072756765691,1972.832742160092,1998.1352757354955,0.5737047366140376
362,11,69.77457464533552,47.5517636036364,93.8338945640532,1954.7254253546644,1930.6661054359467,1976.9482363963637,1.0
389,11,57.57177793319118,39.18429973200324,77.88594924134617,1966.9282220668088,1946.6140507586538,1985.3157002679968,0.96984477950245
24,11,38.87224541730623,27.2486254235113,51.3926503298091,1985.6277545826938,1973.1073496701908,1997.2513745764886,0.7789357896023378
259,11,33.050138409944616,24.72398463034267,42.60348078281771,1991.4498615900554,1981.8965192171822,1999.7760153696572,0.9723669737002922
246,11,30.087496794451074,20.28899191918086,40.339343865295575,1994.412503205549,1984.1606561347044,2004.211008080819,0.08664348173909178
71,11,29.552295601768538,20.411173608344768,40.41031883139499,1994.9477043982315,1984.089681168605,2004.0888263916552,0.6379706892145642
229,11,74.13096140558179,52.186198978551175,98.17895752409305,1950.3690385944183,1926.321042475907,1972.3138010214489,1.0
434,11,35.3937133673039,23.0991022590718,49.5336009904064,1989.106286632696,1974.9663990095937,2001.4008977409283,0.6741591760091554
285,11,27.237466981848343,20.3366102874009,35.92475541781005,1997.2625330181518,1988.57524458219,2004.1633897125992,0.049466117043143965
198,10,64.37317280498603,43.69243385909806,87.30035500119703,1960.126827195014,1937.199644998803,1980.807566140902,0.33815179831335207
489,10,54.965456085540055,35.46860779876218,77.56809936709067,1969.5345439144598,1946.9319006329092,1989.0313922012378,0.9994333396295597
146,10,33.29958750756978,23.692067697595633,43.54857595829566,1991.2004124924301,1980.9514240417043,2000.8079323024044,0.2874745836157376
453,10,31.592865081742726,23.14174558464279,41.04602070031547,1992.9071349182573,1983.4539792996845,2001.3582544153571,0.9999222230864101
511,10,49.32990662928461,32.691899948560405,68.54677343918792,1975.1700933707154,1955.953226560812,1991.8081000514396,1.0
417,9,35.055464691677194,21.007960343182674,51.48472830791519,1989.4445353083229,1973.0152716920848,2003.4920396568173,0.9920223108632127
381,9,44.53906979202164,31.14480662291811,60.22516704900772,1979.9609302079784,1964.2748329509923,1993.3551933770818,0.7310252108309908
173,9,27.825049401424895,21.560709728217375,36.59918028041193,1996.6749505985752,1987.900819719588,2002.9392902717827,0.0011888756791591205
218,9,53.8542799706136,37.715201233719995,72.93541332688028,1970.6457200293864,1951.5645866731197,1986.78479876628,0.3021633092965634
72,9,23.67438385574394,17.727661876216416,30.418118146802385,2000.825616144256,1994.0818818531975,2006.7723381237836,0.020633104076621372
270,9,44.19516589682777,31.817132451671085,58.3929696963466,1980.3048341031722,1966.1070303036533,1992.6828675483289,0.02606637704025511
164,9,25.800671793697813,17.02436314909346,36.877259087307834,1998.6993282063022,1987.6227409126923,2007.4756368509065,0.19150898323351961
363,9,54.577502406679166,37.33616680677119,73.52461180585988,1969.922497593321,1950.9753881941401,1987.1638331932288,0.9969111454317174
82,8,28.43963099603244,21.06786669172635,36.924427419366,1996.0603690039675,1987.575572580634,2003.4321333082737,0.029966333707403252
174,8,24.08936694444425,23.97263987357252,24.206094015315983,2000.4106330555558,2000.293905984684,2000.5273601264275,2.222197531138543e-05
404,8,36.00638402898002,24.1946622875584,48.85405074391821,1988.49361597102,1975.6459492560818,2000.3053377124415,0.9285452383862401
137,8,29.699311529091577,22.812122552304402,37.98526337483605,1994.8006884709084,1986.514736625164,2001.6878774476957,0.011222097532249642
490,8,43.74863925988278,28.682598780520834,61.10821073388672,1980.7513607401172,1963.3917892661134,1995.817401219479,0.6758258241575094
60,8,42.80562157337332,26.48446959207965,61.01273496368515,1981.6943784266266,1963.487265036315,1998.0155304079203,0.0498772235864046
304,8,19.359747186195246,16.0056322916991,23.053506898680666,2005.1402528138049,2001.4464931013194,2008.4943677083008,0.0169331451872757
520,8,74.12038451983406,49.96292719171146,102.74610576747796,1950.379615480166,1921.753894232522,1974.5370728082885,1.0
260,8,28.797636082300343,21.813085952232882,37.06675103578715,1995.7023639176996,1987.433248964213,2002.686914047767,0.04993277852468306
219,8,47.79822145940588,33.584719345633744,64.74867002669816,1976.7017785405942,1959.7513299733018,1990.9152806543661,0.07161031544093954
165,8,23.40012052408927,14.89817053689842,32.547308488128635,2001.0998794759107,1991.9526915118713,2009.6018294631017,0.03344407284363507
187,8,35.9204614721989,22.480076081548447,51.03101767169824,1988.579538527801,1973.4689823283018,2002.0199239184515,0.9722447528360796
462,8,30.243247455285218,21.28800798376099,40.58398144262583,1994.2567525447148,1983.9160185573742,2003.211992016239,0.9992666748147243
477,7,173.8518881988462,120.23201785579879,234.39690902027456,1850.6481118011538,1790.1030909797255,1904.2679821442011,1.0
512,7,32.883932791942044,23.49190832365025,43.58264693998814,1991.616067208058,1980.917353060012,2001.0080916763497,0.9904334396284485
305,7,18.600712853505332,13.864712846901966,23.94354343548366,2005.8992871464948,2000.5564565645163,2010.635287153098,0.05359940445106166
322,7,27.176329470879296,16.76185632206986,38.941151299378305,1997.3236705291206,1985.5588487006216,2007.73814367793,0.3038077354696059
311,7,23.200221750331302,18.071463965787927,27.182725720909872,2001.2997782496686,1997.31727427909,2006.4285360342121,0.0010777658026021933
147,7,29.737641117656835,21.355605919291662,39.024017972852334,1994.762358882343,1985.4759820271477,2003.1443940807083,0.3992511194320063
383,7,38.33329539539815,27.263078091515382,51.12041014097258,1986.1667046046018,1973.3795898590274,1997.2369219084846,0.16230930767435917
126,7,27.078972602073442,20.963053949161576,33.54851454406105,1997.4210273979265,1990.9514854559388,2003.5369460508384,0.021066432595193387
104,7,37.65141416462082,24.228597908712572,53.12585283015568,1986.8485858353793,1971.3741471698443,2000.2714020912874,0.31925200831101874
418,7,26.89944908026752,18.09368985648871,37.348174095240665,1997.6005509197325,1987.1518259047593,2006.4063101435113,0.6154598282241308
491,7,38.31172552049115,25.528157874860995,52.39429777709495,1986.188274479509,1972.1057022229052,1998.9718421251391,0.43316185375718047
427,7,42.497312949974535,29.014448625873882,57.77189383934984,1982.0026870500255,1966.7281061606502,1995.485551374126,0.6610815435384051
411,7,44.263264363224806,30.113314378664427,60.171500990075515,1980.2367356367752,1964.3284990099246,1994.3866856213356,0.6612037644026177
463,7,28.077991283661976,19.7346686735321,37.4197638011326,1996.422008716338,1987.0802361988674,2004.765331326468,0.12738747347251697
364,7,48.04214828478612,33.680670354919215,64.59500463605991,1976.4578517152138,1959.90499536394,1990.8193296450809,0.8759569338118466
166,7,21.93556787193708,14.78985248530131,29.764496507004594,2002.564432128063,1994.7355034929953,2009.7101475146987,0.007444361729314119
181,7,23.065912408322966,15.379047546596212,31.837932822068694,2001.434087591677,1992.6620671779312,2009.1209524534038,0.20899767780357997
212,7,53.73733172152851,37.00586500117586,72.28790713858302,1970.7626682784714,1952.212092861417,1987.4941349988242,0.21936422928634125
333,7,43.62861104689114,26.386489011567676,61.485736963003774,1980.8713889531089,1963.0142630369962,1998.1135109884324,0.41640648437239586
286,7,22.726145645174107,17.951338262210527,28.73461420280202,2001.773854354826,1995.765385797198,2006.5486617377894,0.9432117420917545
230,7,45.80181219597093,27.073012175651456,68.8573992287105,1978.698187804029,1955.6426007712894,1997.4269878243485,0.6769813668737014
28,7,31.651353523742916,21.698320457955646,43.592092229636364,1992.848646476257,1980.9079077703636,2002.8016795420444,0.9625670825879712
271,7,38.853219996916984,26.930101632325233,51.85595322717256,1985.646780003083,1972.6440467728276,1997.5698983676748,0.6619482005755492
522,6,56.04955232898966,34.90289283863834,79.18946724684298,1968.4504476710104,1945.310532753157,1989.5971071613617,1.0
5,6,98.38039964488677,67.40994571367617,131.81042906885057,1926.1196003551133,1892.6895709311493,1957.0900542863237,0.9999444450617215
138,6,28.159797858159184,21.30932994759536,36.681046125317664,1996.3402021418408,1987.8189538746824,2003.1906700524046,0.0037555138276241374
394,6,50.13499034393117,33.52578324526482,66.53491746337102,1974.3650096560689,1957.9650825366289,1990.9742167547352,0.02574415839824002
384,6,34.8156139845202,24.715947917519628,45.971531766216344,1989.6843860154797,1978.5284682337838,1999.7840520824805,0.08924345285052389
127,6,26.523926459321256,21.24576427935432,33.219624407656795,1997.9760735406787,1991.2803755923433,2003.2542357206457,0.010144331729647448
52,6,33.74332383280032,22.929019313596683,46.65228354422527,1990.7566761671997,1977.8477164557748,2001.5709806864033,0.13646515038721793
306,6,15.785751822913445,10.182372103060004,21.93320026274398,2008.7142481770866,2002.5667997372561,2014.31762789694,0.7633359629337452
247,6,27.229532217611897,18.933741226831728,37.093985299939504,1997.270467782388,1987.4060147000605,2005.5662587731683,0.14849835001833314
29,6,27.707778591123954,18.723717701869816,37.98119590844544,1996.792221408876,1986.5188040915546,2005.7762822981301,0.9435339607337696
231,6,37.217341734769285,22.88716956038195,55.283475724421464,1987.2826582652308,1969.2165242755786,2001.612830439618,0.3919067565915934
405,6,31.847767131631873,21.913583066423456,42.61442023591604,1992.6522328683682,1981.885579764084,2002.5864169335766,0.33287407917689804
412,6,39.20037366693765,26.383254972331116,53.930554319821624,1985.2996263330624,1970.5694456801784,1998.116745027669,0.46293930067443695
323,6,24.848336565368687,15.230372260452611,35.55100752400415,1999.6516634346312,1988.948992475996,2009.2696277395473,0.17800913323185297
347,6,61.344663215343246,43.361608224015725,82.28403328157526,1963.1553367846568,1942.2159667184246,1981.1383917759842,0.1927534138509572
352,6,63.2365651298897,43.36535608488356,83.55755305058221,1961.2634348701104,1940.942446949418,1981.1346439151164,0.0680214664281508
188,6,26.841979859186665,16.60853360756721,38.044112102278746,1997.6580201408133,1986.4558878977214,2007.891466392433,0.36560704881056877
262,6,26.586967824783823,19.30026605728446,33.17559647470995,1997.9130321752161,1991.32440352529,2005.1997339427155,0.009144342840635105
478,6,106.12921022429119,72.56595510484428,141.94547243763736,1918.3707897757088,1882.5545275623626,1951.9340448951557,1.0
34,6,33.94220314927127,25.092307511475497,44.42187069276855,1990.5577968507287,1980.0781293072314,1999.4076924885244,0.04044399506672148
272,6,35.45642366313943,23.941912464726443,48.488256996378766,1989.0435763368605,1976.0117430036212,2000.5580875352734,0.9938889567893691
454,6,29.77635589372472,21.6986502166381,38.4266497991141,1994.7236441062753,1986.073350200886,2002.801349783362,0.10728769680336885
39,6,25.159862101939705,17.99205417987301,33.6374415086662,1999.3401378980602,1990.8625584913339,2006.507945820127,0.27079699114454286
504,6,166.60667638559207,120.6492636955688,218.44237072843936,1857.893323614408,1806.0576292715607,1903.8507363044312,1.0
99,6,36.38013734087877,23.85869318499647,50.2298184012991,1988.1198626591213,1974.270181598701,2000.6413068150036,0.15886490150109442
444,6,43.31884164809318,29.894892227396326,58.73752908894227,1981.1811583519068,1965.7624709110578,1994.6051077726038,0.6367818135354052
435,6,26.855323633050105,17.21950234847381,37.90781984063955,1997.6446763669499,1986.5921801593604,2007.2804976515263,0.2675636937367363
357,5,56.299556949391174,36.27239687644851,78.45411837879936,1968.2004430506088,1946.0458816212006,1988.2276031235515,1.0
199,5,58.55198683289144,38.527262084907136,81.15052872844393,1965.9480131671085,1943.349471271556,1985.972737915093,0.18762013755402718
189,5,23.43909213594886,14.754727230404853,33.135431079342084,2001.0609078640512,1991.3645689206578,2009.7452727695952,0.4856168264797058
167,5,20.969182172169766,14.56695085289661,30.16378250097597,2003.5308178278303,1994.336217499024,2009.9330491471035,0.012699858890456772
183,5,19.93035895998533,13.011164134628416,27.813505810940114,2004.5696410400146,1996.6864941890599,2011.4888358653716,0.10058777124698615
312,5,22.208853704929687,17.545528409158692,27.793639222132413,2002.2911462950703,1996.7063607778675,2006.9544715908414,0.002766635926267486
48,5,27.983063922280174,18.091417396791343,39.13418243571152,1996.5169360777197,1985.3658175642886,2006.4085826032087,0.4223175298052244
73,5,23.273065542721213,17.489937318240663,30.209919384363957,2001.2269344572787,1994.290080615636,2007.0100626817593,0.021588649015010945
288,5,19.548124700410774,16.10174577419079,23.767062631382373,2004.9518752995891,2000.7329373686175,2008.3982542258093,0.09923223075299163
232,5,27.99591985088369,19.09810522666058,39.069239220687166,1996.5040801491164,1985.4307607793128,2005.4018947733393,0.9842446195042277
222,5,39.202086656402415,26.638553656048714,53.974950694875304,1985.2979133435977,1970.5250493051246,1997.8614463439512,0.6581149098343352
523,5,37.81580222123341,22.248834313050736,56.12987022152248,1986.6841977787667,1968.3701297784776,2002.2511656869492,0.6620148665014833
273,5,31.9694264086873,22.213494519393237,43.17675771097072,1992.5305735913128,1981.3232422890292,2002.2865054806068,0.2933745180609104
252,5,24.00684853875644,14.038740048211906,35.63384248927443,2000.4931514612435,1988.8661575107255,2010.4612599517882,0.9793780069110343
30,5,24.84796412718358,16.644821523579424,34.0109551459816,1999.6520358728164,1990.4890448540184,2007.8551784764206,0.8870012555416051
159,5,25.64656588949222,14.237598591662902,39.239025410450154,1998.8534341105078,1985.2609745895497,2010.2624014083372,0.18932011866534817
110,5,40.70388843203635,26.360255797481585,56.4834624028955,1983.7961115679636,1968.0165375971046,1998.1397442025184,0.7051032766302596
440,5,30.386739249686123,19.924659215898373,42.52061988862499,1994.1132607503139,1981.9793801113751,2004.5753407841016,0.14706503261074877
428,5,33.305522825771625,22.92596440878873,45.479637521071936,1991.1944771742283,1979.020362478928,2001.5740355912112,0.11846535038499573
106,5,22.92394222330907,13.421105672257966,34.07021950518964,2001.576057776691,1990.4297804948103,2011.078894327742,0.33186297930023
128,5,26.410713105884884,20.70487873875578,32.816353852125246,1998.089286894115,1991.6836461478747,2003.7951212612443,0.006655481605759936
132,5,25.737024156411785,19.74259674595652,32.45339618686603,1998.7629758435883,1992.046603813134,2004.7574032540435,0.04427728580793547
420,5,17.407192640411445,11.181177557190694,25.114582799301502,2007.0928073595885,1999.3854172006986,2013.3188224428093,0.9997222253086077
390,5,51.83558573763191,30.916730293094133,68.30121539977296,1972.6644142623682,1956.198784600227,1993.5832697069059,0.01383317963133743
6,5,42.52680959963298,25.259973791564164,61.79992638052414,1981.973190400367,1962.700073619476,1999.240026208436,1.0
505,5,131.963692310071,92.0080322680675,176.0347906697483,1892.536307689929,1848.4652093302516,1932.4919677319326,1.0
500,5,66.71988514316446,39.149780261123226,97.50621646518704,1957.7801148568356,1926.993783534813,1985.3502197388768,1.0
35,5,27.180061853951386,21.607612929243885,34.036039694824126,1997.3199381460486,1990.463960305176,2002.892387070756,0.973389184564616
464,5,25.78315275042036,18.746872633188303,34.34909004615173,1998.7168472495796,1990.1509099538482,2005.7531273668117,0.16296485594604504
340,5,36.16502686596398,19.804772193499645,57.91917825652604,1988.334973134036,1966.580821743474,2004.6952278065003,0.03731069654781614
353,5,54.893848041325974,38.06726649670543,73.23360198957198,1969.606151958674,1951.266398010428,1986.4327335032945,0.5431272985855713
213,5,48.29234409970022,31.473541945044303,66.33732880581425,1976.2076559002999,1958.1626711941858,1993.0264580549556,0.993566738147354
155,5,39.877047558424266,25.19825889224944,56.062239255320264,1984.6229524415758,1968.4377607446797,1999.3017411077506,0.9001122209753225
365,5,43.75191214680678,30.652834501142763,58.93198670995292,1980.7480878531933,1965.568013290047,1993.8471654988573,0.9730225219719781
177,5,24.689743494750385,19.700675936327286,32.14902086082975,1999.8102565052495,1992.3509791391702,2004.7993240636727,0.0013110965433717403
89,5,29.55744127602684,20.98671707182808,40.4924780636245,1994.9425587239732,1984.0075219363755,2003.513282928172,0.07138809568782568
203,5,53.10391305722148,33.77706401261074,74.04510905725681,1971.3960869427785,1950.454890942743,1990.7229359873893,0.7953578293574516
335,5,38.91559296140336,23.488743429221756,56.647745200051304,1985.5844070385967,1967.8522547999487,2001.0112565707782,0.3255852712747636
328,5,35.65259015665506,22.304352152920757,49.683381128264216,1988.8474098433448,1974.8166188717357,2002.1956478470793,0.033377406917700914
413,4,33.41252871613128,21.26544134639289,46.40573723232228,1991.0874712838688,1978.0942627676777,2003.234558653607,0.7611693203408851
406,4,27.7607032019637,19.345164405653605,37.872464460084245,1996.7392967980363,1986.6275355399157,2005.1548355943464,0.16275374718058688
395,4,44.83174380958284,29.684550475583393,62.27054836750739,1979.6682561904172,1962.2294516324926,1994.8154495244166,0.0803768847012811
150,4,24.79421080331928,16.881660155698114,33.35532839028218,1999.7057891966808,1991.1446716097178,2007.6183398443018,0.4847835024055288
492,4,30.458597252041987,21.027404294020926,41.345334515395564,1994.041402747958,1983.1546654846045,2003.472595705979,0.838190686770147
501,4,37.47980305947864,22.884896119502713,53.73013520019447,1987.0201969405214,1970.7698647998054,2001.6151038804974,0.9956111598760014
41,4,20.494609300300887,15.211177335792797,27.8091328273959,2004.005390699699,1996.6908671726042,2009.2888226642071,0.07796580037999577
25,4,31.695169094999514,21.017066424973535,43.58665523347719,1992.8048309050005,1980.9133447665229,2003.4829335750264,0.6828590793435628
7,4,28.489117986978737,15.341056110674174,43.51642654833444,1996.0108820130213,1980.9835734516655,2009.1589438893259,0.985611270985878
421,4,15.038676590937161,10.17568835279377,20.65127597741656,2009.4613234090627,2003.8487240225834,2014.3243116472063,0.07021033099632226
107,4,17.56818987884741,11.021797391085215,25.791138246840944,2006.9318101211527,1998.708861753159,2013.4782026089147,0.9934778502461084
133,4,20.684541128537216,16.301944660707818,25.873545907110667,2003.8154588714629,1998.6264540928894,2008.1980553392923,0.9093898956678259
446,4,37.52658952774241,25.300513872228947,50.87900477503342,1986.9734104722577,1973.6209952249665,1999.199486127771,0.9233897401139988
17,4,52.408872607928096,39.18438076024722,68.54775712873942,1972.091127392072,1955.9522428712605,1985.3156192397528,0.8795013388740125
36,4,23.56730180695105,18.43942311948595,29.13490711635086,2000.932698193049,1995.3650928836491,2006.060576880514,0.34184064621504207
101,4,31.20538056454562,20.111182856673224,43.98658351637431,1993.2946194354545,1980.5134164836256,2004.3888171433268,0.07722136420706437
441,4,21.631797181022286,13.848903254741714,30.935987231466697,2002.8682028189778,1993.5640127685333,2010.6510967452582,0.9736447372806969
90,4,24.35685159793129,18.610486100493972,31.24112233399279,2000.1431484020686,1993.2588776660073,2005.889513899506,0.9781113543182853
436,4,19.68423045251362,11.786494660739464,29.195435763796866,2004.8157695474863,1995.304564236203,2012.7135053392606,0.5538716236486261
111,4,30.898423326842565,19.602433357636073,43.1631354840905,1993.6015766731575,1981.3368645159094,2004.897566642364,0.7252363862623749
391,4,41.017190087837236,25.840488021671092,58.13478460702186,1983.4828099121628,1966.3652153929781,1998.659511978329,0.04975500272219197
204,4,40.519518431501815,25.079570127089397,57.73629379932618,1983.9804815684981,1966.7637062006738,1999.4204298729105,0.9826890812324307
208,4,59.69386681148135,41.26748509137951,80.9187640942265,1964.8061331885187,1943.5812359057736,1983.2325149086205,0.4787280141331763
341,4,31.96247098374837,16.94128745095503,49.627091465288515,1992.5375290162517,1974.8729085347115,2007.558712549045,0.016644259508227687
324,4,19.531916356217913,11.850003255321383,28.826968686645785,2004.9680836437822,1995.6730313133542,2012.6499967446787,0.22523083076854702
86,4,23.282161602095414,16.730480495635675,30.297914762647963,2001.2178383979046,1994.202085237352,2007.7695195043643,0.13622070865879268
77,4,15.807137998600655,8.278952352884971,24.13979021276674,2008.6928620013994,2000.3602097872333,2016.221047647115,0.8267241475094721
456,4,24.666581829136152,15.277125648342377,34.567871280243935,1999.8334181708638,1989.932128719756,2009.2228743516575,0.18267574804724393
465,4,19.767370571014105,16.000110701805966,25.199009297003556,2004.732629428986,1999.3009907029964,2008.499889298194,0.9965555938267353
473,4,57.46683681054521,35.69122369126583,81.34635757889214,1967.0331631894549,1943.1536424211079,1988.8087763087342,0.9999888890123443
61,4,41.63734426945132,26.193762970511216,58.34826041636052,1982.8626557305488,1966.1517395836395,1998.3062370294888,0.2655526049710559
459,4,25.08136792714498,16.750916349428394,34.057409818230326,1999.418632072855,1990.4425901817697,2007.7490836505717,0.46481705758824904
358,4,40.842102768429044,25.29300480789192,57.70822563545022,1983.657897231571,1966.7917743645498,1999.206995192108,0.9980444661725981
178,4,22.533202320953666,15.684884134210051,31.212191804161023,2001.9667976790463,1993.287808195839,2008.81511586579,0.026166375929156344
200,4,48.48087913012596,30.838650545188898,68.42640844469639,1976.019120869874,1956.0735915553037,1993.661349454811,0.5592382306863257
194,4,44.12568526016343,27.477856176116234,63.27498708546176,1980.3743147398366,1961.2250129145382,1997.0221438238837,0.5213386517927578
184,4,18.50514672786685,12.011492049635592,26.74636326379158,2005.9948532721332,1997.7536367362084,2012.4885079503645,0.03376629148565016
366,4,41.60299260677835,29.19149801758391,55.67967454907733,1982.8970073932217,1968.8203254509226,1995.3085019824161,0.2684303507738803
156,4,28.95446877182017,19.552427701130597,40.169017467644096,1995.54553122818,1984.3309825323558,2004.9475722988693,0.9997888912345418
374,4,70.06753058726215,44.000940946763365,98.15291357982557,1954.4324694127379,1926.3470864201745,1980.4990590532366,1.0
83,4,23.969815752693957,18.049393149364107,31.224766677446667,2000.5301842473061,1993.2752333225533,2006.450606850636,0.7561915978711348
313,4,21.872919619418187,17.48390943113148,26.802512506947892,2002.627080380582,1997.697487493052,2007.0160905688685,0.004044399506672148
308,4,12.073865281099115,5.719242249134368,18.469248067596254,2012.4261347189008,2006.0307519324037,2018.7807577508656,0.5487272363640404
57,4,39.365552481893765,26.277824875513346,52.90790336213462,1985.1344475181063,1971.5920966378653,1998.2221751244867,0.05358829346340596
236,4,65.57476740265994,45.49788872707646,87.27033969212823,1958.92523259734,1937.2296603078717,1979.0021112729235,0.7956467150364996
64,4,27.45151329172906,16.368810188595774,39.68763395366227,1997.048486708271,1984.8123660463377,2008.1311898114043,0.054132731858534906
53,4,31.983537105177145,19.983893291927586,43.78975613250901,1992.5164628948228,1980.710243867491,2004.5161067080724,0.1378540238441795
263,4,23.67233645293416,17.935855179841155,30.34235246272732,2000.8276635470659,1994.1576475372726,2006.5641448201588,0.026955256052710524
292,4,22.511834818677812,13.322171733278594,32.06407346917064,2001.988165181322,1992.4359265308294,2011.1778282667215,0.6188820124220842
479,4,96.74796959019153,66.4228466710814,129.47367187339134,1927.7520304098084,1895.0263281266086,1958.0771533289185,0.5194831168542572
253,4,17.484624549138626,10.407440231065436,25.399816407003016,2007.0153754508615,1999.100183592997,2014.0925597689345,0.9747225030832991
513,4,24.59117191445386,18.61151806243356,31.412422415419314,1999.9088280855462,1993.0875775845807,2005.8884819375664,1.0
18,3,50.12441813742393,36.743284765328184,64.95128737780465,1974.3755818625762,1959.5487126221954,1987.756715234672,0.26227486361262653
507,3,83.74104465863908,49.3469654636599,121.60601620772923,1940.758955341361,1902.8939837922708,1975.15303453634,0.9968667014810947
518,3,41.30414046278207,25.780539033971564,57.995384550661356,1983.195859537218,1966.5046154493386,1998.7194609660285,0.3883512405417718
516,3,27.571813210708317,19.126899500771287,36.540043838182214,1996.9281867892917,1987.959956161818,2005.3731004992287,0.5630937434028511
274,3,29.4485106423669,20.09834944128687,39.97946444787823,1995.051489357633,1984.5205355521218,2004.401650558713,0.10424328618570905
267,3,29.045602624041003,21.20995749026784,38.153118509438514,1995.454397375959,1986.3468814905614,2003.290042509732,0.043777291363429297
250,3,22.065409621608556,15.465838827995924,30.46221938179741,2002.4345903783915,1994.0377806182025,2009.0341611720041,0.10176553593848957
248,3,21.680502402431927,15.06799620143829,30.01010594973178,2002.819497597568,1994.4898940502683,2009.4320037985617,0.3929845223941956
290,3,12.435509765411316,5.603895797587654,19.129602613562156,2012.0644902345887,2005.3703973864378,2018.8961042024123,0.6240041777313585
293,3,16.43971644235657,9.511186980480915,23.994408449958144,2008.0602835576435,2000.5055915500418,2014.988813019519,0.9997555582715748
220,3,42.276015219188594,27.573506612399626,59.521368654325215,1982.2239847808114,1964.9786313456748,1996.9264933876004,0.058499350007222145
224,3,33.24294469543491,22.13139331511684,45.73679805624846,1991.257055304565,1978.7632019437515,2002.3686066848832,0.38318463128187463
309,3,10.413208821966936,4.192014250561613,16.998844211398648,2014.086791178033,2007.5011557886014,2020.3079857494383,0.21681981311318763
233,3,22.58182035506488,16.71435077463491,29.871377144139046,2001.9181796449352,1994.628622855861,2007.785649225365,0.157831579649115
318,3,20.89779750041738,11.636004748488489,31.196486122279993,2003.6022024995825,1993.30351387772,2012.8639952515116,0.42759524894167844
325,3,16.092280259821727,9.435834345095145,24.779198617508086,2008.4077197401782,1999.720801382492,2015.0641656549049,0.8280130220775325
314,3,21.102180361424942,16.844674807566605,25.731734529420407,2003.3978196385751,1998.7682654705795,2007.6553251924333,0.009888779013566516
375,3,46.942007506970306,28.28579772679217,67.88040494353913,1977.5579924930296,1956.6195950564609,1996.2142022732078,1.0
336,3,33.63214278139655,19.74188781077359,49.22121080907772,1990.8678572186034,1975.2787891909222,2004.7581121892265,0.7246475039166231
190,3,18.2785851613313,10.713815816388149,26.833894633490956,2006.2214148386688,1997.666105366509,2013.7861841836118,0.9859223786402374
201,3,40.25087476042257,23.69590930962599,59.25592688176255,1984.2491252395773,1965.2440731182373,2000.804090690374,0.4187175698047799
195,3,36.801807323926624,22.36597717643076,53.35703377986812,1987.6981926760734,1971.142966220132,2002.1340228235692,0.328718569793669
348,3,34.34207002958432,19.198010949139928,51.19873360944652,1990.1579299704156,1973.3012663905536,2005.3019890508601,0.9835779602448862
214,3,37.84274815571352,23.907075503859375,52.60490109491042,1986.6572518442865,1971.8950989050895,2000.5929244961405,0.27763024855279383
209,3,52.30834071385062,34.9446665881066,71.57686470228231,1972.1916592861494,1952.9231352977176,1989.5553334118933,0.7186920145331719
329,3,27.397881060013702,16.395431407463377,39.7064853726817,1997.1021189399862,1984.7935146273182,2008.1045685925367,0.940589549005011
350,3,59.148569692050394,39.761142307085265,79.720362085566,1965.3514303079496,1944.779637914434,1984.7388576929147,0.0645215053166076
354,3,46.7858643206633,28.389340857312988,65.28419098825486,1977.7141356793368,1959.215809011745,1996.110659142687,0.32432972966967033
359,3,35.904741282253966,22.387273704200027,50.79188171525254,1988.595258717746,1973.7081182847473,2002.1127262958,0.1393762291530094
175,3,25.509510705162263,13.885647131201381,35.74320025894286,1998.9904892948377,1988.7567997410572,2010.6143528687985,0.005511049877223587
179,3,19.866796625879843,11.527462818979899,30.02772909806049,2004.63320337412,1994.4722709019395,2012.97253718102,0.11588760124887501
367,3,38.19048919626758,26.30433310855912,51.273688354672856,1986.3095108037323,1973.226311645327,1998.1956668914409,0.9008788791235653
372,3,52.30713294696416,29.192259500221496,77.08499618508318,1972.1928670530358,1947.4150038149169,1995.3077404997784,0.998844457283808
161,3,14.589209188036264,5.842269815801046,24.721577100338152,2009.9107908119638,1999.7784228996618,2018.657730184199,0.1892423417517583
168,3,19.687774447708488,13.144037621530174,29.066652179536163,2004.8122255522915,1995.433347820464,2011.35596237847,0.050977211364318174
62,3,35.67090961564917,22.452810482706298,50.583821823142216,1988.8290903843508,1973.9161781768578,2002.0471895172936,0.9234119620893101
49,3,19.58406261438447,11.865350305756806,28.331698862525172,2004.9159373856155,1996.1683011374748,2012.6346496942433,0.8234686281263541
42,3,15.323818227227413,7.878813422383928,23.545678838330844,2009.1761817727727,2000.9543211616692,2016.621186577616,0.2549971666981478
429,3,24.26269584023532,17.458898047562684,32.458806226575064,2000.2373041597648,1992.041193773425,2007.0411019524372,0.24957500472216976
442,3,16.856200631990674,11.040815017141938,23.757196354689142,2007.6437993680092,2000.742803645311,2013.459184982858,0.9919223119743114
91,3,21.258014733899113,16.61039996904435,26.717663493948237,2003.241985266101,1997.7823365060517,2007.8896000309555,0.4791280096887812
437,3,16.918252703594735,9.705614300338652,25.275475596658737,2007.5817472964052,1999.2245244033413,2014.7943856996612,0.5839268452572749
414,3,28.029381808555108,16.84325415103595,40.22712051837999,1996.4706181914448,1984.27287948162,2007.656745848964,0.32095198942233977
422,3,13.956513905399708,9.722258973725843,19.376230825334062,2010.5434860946002,2005.123769174666,2014.7777410262743,0.0741213986511261
114,3,44.97554983274104,29.752540082410746,61.30582078018608,1979.524450167259,1963.194179219814,1994.7474599175894,0.6035266274819169
108,3,12.888367394915269,8.924203081088706,17.75492415663757,2011.6116326050847,2006.7450758433624,2015.5757969189112,0.9869890334551839
130,3,25.353774609159593,18.824062895554306,31.84047719863679,1999.1462253908403,1992.6595228013632,2005.6759371044457,0.006455483827957467
153,3,25.317223182214,16.661293474993954,34.619716560143786,1999.182776817786,1989.8802834398562,2007.838706525006,0.6359040455106054
400,3,45.00056124428427,30.223014303062342,62.34102995965094,1979.4994387557158,1962.158970040349,1994.2769856969376,0.9793224519727558
134,3,18.117251052693753,14.547021677993314,22.260788437160898,2006.3827489473063,2002.239211562839,2009.9529783220066,0.44081732425195275
151,3,20.37260224332681,13.632177391885023,28.32722574426083,2004.1273977566732,1996.1727742557391,2010.867822608115,0.8812568749236119
141,3,23.48285314436393,17.525915543665832,30.683122360370476,2001.0171468556362,1993.8168776396296,2006.9740844563341,0.7229475228053022
148,3,25.964651451125235,19.021837142199388,34.533976350569475,1998.5353485488747,1989.9660236494306,2005.4781628578007,0.43563960400439994
144,3,29.22289660708339,20.53837422403808,39.03532100819933,1995.2771033929166,1985.4646789918006,2003.961625775962,0.034066288152353866
392,3,37.3462517896764,22.12750776107083,53.34913777660904,1987.1537482103236,1971.150862223391,2002.3724922389292,0.7017033144076177
139,3,23.316831712621408,17.335672467591564,30.942722079817713,2001.1831682873785,1993.5572779201823,2007.1643275324084,0.027410806546593926
387,3,28.151904141548197,18.272926074285067,38.63309369133975,1996.3480958584519,1985.8669063086602,2006.2270739257149,0.21141987311252097
385,3,27.093939321183967,19.740766120699675,35.872740821761,1997.406060678816,1988.627259178239,2004.7592338793004,1.0
74,3,19.297925883676246,15.194428976295569,24.75687706879762,2005.2020741163237,1999.7431229312024,2009.3055710237045,0.07235475161387096
457,3,22.651727116833715,12.622364351955753,32.338847748688295,2001.8482728831664,1992.1611522513117,2011.8776356480444,0.049543893956733816
78,3,14.277307555098675,7.018975500043382,22.657430305443768,2010.2226924449012,2001.8425696945562,2017.4810244999567,0.3965067054810502
84,3,21.70954179541158,16.904558050313426,27.2151695682428,2002.7904582045885,1997.2848304317572,2007.5954419496866,0.3057966022599749
460,3,15.500591661813447,8.656336949182702,22.90841353384741,2008.9994083381866,2001.5915864661526,2015.8436630508172,1.0
58,3,35.65293290393347,23.162005042502756,48.18580602899203,1988.8470670960664,1976.314193971008,2001.3379949574974,0.0362995966711481
469,3,38.316128915686214,25.337970073555965,52.168331297599366,1986.1838710843138,1972.3316687024007,1999.1620299264441,0.6447261697092255
466,3,16.389704787806274,14.057898519865432,19.72827785937386,2008.1102952121937,2004.771722140626,2010.4421014801346,0.9907778802457751
471,3,48.71669906013578,32.97783149651525,66.70774634517409,1975.7833009398641,1957.7922536548258,1991.5221685034849,0.24013066521483095
525,3,22.035429845189185,11.792548694272625,34.49946310215347,2002.4645701548109,1990.0005368978466,2012.7074513057273,0.9994777835801825
8,3,20.274721773941053,10.241458838541234,31.726505627002666,2004.225278226059,1992.7734943729974,2014.2585411614587,0.9807891023433073
502,3,28.573393193077816,16.189965475559518,42.33643098120376,1995.926606806922,1982.1635690187964,2008.3100345244404,0.37642915078721345
37,3,21.78914382868219,17.228870630338264,26.79896866259486,2002.7108561713178,1997.701031337405,2007.2711293696618,0.23003077743580627
31,3,16.4525425312532,10.650683742650642,22.871667164596943,2008.0474574687469,2001.628332835403,2013.8493162573493,1.0
474,3,35.400112239264686,20.278195924039267,52.268423745380915,1989.0998877607353,1972.231576254619,2004.2218040759608,1.0
480,3,88.30414137977056,60.18413098221271,120.468009582175,1936.1958586202295,1904.031990417825,1964.3158690177872,0.5357718247575027
495,3,27.383191804504552,17.81404296621423,38.57170466905342,1997.1168081954954,1985.9282953309466,2006.6859570337858,0.999455561604871
289,2,17.76568487410668,15.094447223090697,21.483351516521964,2006.7343151258933,2003.016648483478,2009.4055527769092,0.9873223630848547
334,2,21.346203500192317,10.402387745230328,34.25918060436004,2003.1537964998076,1990.2408193956398,2014.0976122547697,0.9999555560493772
332,2,28.970699725589014,16.71615807911067,42.777366647634096,1995.529300274411,1981.7226333523658,2007.7838419208892,0.6118709792113421
217,2,33.889377994344116,19.944074562406684,49.21270763657486,1990.6106220056558,1975.2872923634252,2004.5559254375933,0.9999888890123443
339,2,18.219848843556157,10.14725510831289,27.749581985349664,2006.280151156444,1996.7504180146502,2014.352744891687,1.0
331,2,22.9716499692744,13.845172662613095,33.571317472808914,2001.5283500307255,1990.928682527191,2010.654827337387,1.0
330,2,23.658379501322955,14.010919217079618,34.34198025726175,2000.841620498677,1990.1580197427384,2010.4890807829204,0.42588415684270176
264,2,23.187607084608537,16.95762449904339,30.447965583671703,2001.3123929153915,1994.0520344163283,2007.5423755009565,0.0809768780346885
294,2,11.01808898971648,6.70432666168881,16.211540222211056,2013.4819110102835,2008.2884597777888,2017.7956733383112,0.9728558571571427
234,2,21.883435581576045,16.601365742897826,28.19975108215118,2002.6165644184239,1996.3002489178489,2007.8986342571022,0.0700103332185198
295,2,18.9966344171955,10.115853141082027,29.607043760448505,2005.5033655828045,1994.8929562395515,2014.384146858918,0.9843335074054733
235,2,23.48358355794572,16.553167568288302,32.5335020974706,2001.0164164420544,1991.9664979025295,2007.9468324317118,0.10635437384029066
237,2,17.581619366733115,8.676630337645747,29.568921190156345,2006.918380633267,1994.9310788098437,2015.8233696623543,1.0
238,2,62.6756408255039,42.074638327736324,84.61396734344754,1961.824359174496,1939.8860326565525,1982.4253616722638,0.9676892478972456
249,2,17.852470344415565,11.724431603397477,25.48867850382271,2006.6475296555845,1999.0113214961773,2012.7755683966025,0.25186386817924244
319,2,15.288762553925558,8.006394319736899,23.89458959463292,2009.2112374460744,2000.6054104053671,2016.493605680263,0.9483227964133731
317,2,18.05171861016682,9.974952437647516,27.660632388729482,2006.4482813898333,1996.8393676112705,2014.5250475623525,0.8656126043043966
315,2,19.24751882531829,15.63150310527908,23.838159331740258,2005.2524811746816,2000.6618406682596,2008.868496894721,0.07774358062688193
316,2,20.83543048367814,15.692063883692356,26.793846807174077,2003.6645695163218,1997.706153192826,2008.8079361163077,0.026921923089743446
310,2,2.0865005437728925,0.00013284265918400706,6.0088881181264355,2022.413499456227,2018.4911118818736,2024.4998671573408,1.0
221,2,24.650415344127985,11.457433064847123,40.558126398334025,1999.849584655872,1983.941873601666,2013.042566935153,0.9934667392584526
225,2,27.27858656422311,16.551160436217998,38.613501993211685,1997.2214134357769,1985.8864980067883,2007.948839563782,0.6545149498338907
307,2,11.52292223122144,7.2552553925530106,16.713439518965004,2012.9770777687786,2007.786560481035,2017.244744607447,0.9700558882679081
223,2,33.67789681460177,20.617252691002562,48.33730106987241,1990.8221031853982,1976.1626989301276,2003.8827473089975,0.2955744936167376
269,2,30.05411757337463,18.11580846361636,42.665042504693986,1994.4458824266253,1981.834957495306,2006.3841915363837,0.9385784602393307
519,2,35.252895480380595,21.713432179465343,51.095102808459956,1989.2471045196194,1973.40489719154,2002.7865678205346,0.7603804402173309
261,2,22.806492065124328,16.229528075458973,29.84209569090268,2001.6935079348757,1994.6579043090974,2008.270471924541,0.08537682914634281
287,2,19.492696339765402,16.00252843324455,23.531831537154943,2005.0073036602346,2000.9681684628451,2008.4974715667554,0.09976555816046488
265,2,15.309312599528978,6.32466657283004,24.335939909123454,2009.190687400471,2000.1640600908765,2018.17533342717,0.3222630859657115
291,2,8.059656394119465,2.3540754119795793,15.137811913321627,2016.4403436058806,2009.3621880866783,2022.1459245880205,0.5371718092021199
275,2,22.93224762511303,13.354554630830648,33.29672964546751,2001.567752374887,1991.2032703545324,2011.1454453691695,0.9999555560493772
256,2,29.62864832154764,19.819012101423937,40.96120830342704,1994.8713516784524,1983.5387916965728,2004.680987898576,0.9472005866601482
255,2,14.492574783016781,9.997697856201654,20.593235045393158,2010.0074252169832,2003.9067649546068,2014.5023021437983,0.016922034199620004
254,2,6.312362998255952,2.196415956917747,11.847089484012997,2018.187637001744,2012.652910515987,2022.3035840430823,0.2532971855868268
251,2,10.581541929806708,3.920126336916553,18.260479896858328,2013.9184580701933,2006.2395201031418,2020.5798736630834,0.6047043921734203
278,2,22.46158457238558,14.275828791828758,32.070883512161004,2002.0384154276144,1992.429116487839,2010.2241712081714,1.0
277,2,36.84414200384776,24.858693150454684,50.27444712413586,1987.6558579961522,1974.2255528758642,1999.6413068495453,0.49360562660414886
276,2,20.35314870032438,16.00003289191926,27.25908815298908,2004.1468512996755,1997.240911847011,2008.4999671080807,1.0
268,2,23.35920556800585,17.47405729315821,30.40550889540151,2001.1407944319942,1994.0944911045985,2007.0259427068418,0.6154376062488195
517,2,22.880226749046013,16.009096202602393,30.642420141111074,2001.619773250954,1993.857579858889,2008.4909037973976,0.4841946200597771
515,2,18.896176956462803,16.058550142360104,22.79341977476122,2005.6038230435372,2001.7065802252387,2008.4414498576398,0.9999777780246886
508,2,12.9372600359681,7.411838077214952,20.89689249677639,2011.5627399640318,2003.6031075032236,2017.088161922785,1.0
521,2,39.922667882417585,23.257735847233647,58.738450630407954,1984.5773321175825,1965.761549369592,2001.2422641527664,1.0
266,2,22.0317317043098,16.746235307815084,28.58753725515919,2002.4682682956902,1995.912462744841,2007.7537646921849,0.9377673581404651
514,2,21.016893689677417,15.961355931698904,26.783069469791315,2003.4831063103227,1997.7169305302086,2008.538644068301,0.6093932289641226
19,2,45.52207595155046,33.36345584774136,59.49220811523247,1978.9779240484495,1965.0077918847676,1991.1365441522587,0.8929900778880234
506,2,65.99574359346587,44.64716584048392,90.52583036517589,1958.504256406534,1933.9741696348242,1979.852834159516,1.0
169,2,15.299125455435124,9.070148892493648,22.4914202122676,2009.2008745445648,2002.0085797877323,2015.4298511075062,0.5912823190853435
162,2,8.17103128401345,3.006078731422406,15.314088598417243,2016.3289687159865,2009.1859114015829,2021.4939212685777,0.5786602371084766
158,2,17.054757663265256,10.63912000844303,24.296963081076967,2007.4452423367347,2000.203036918923,2013.8608799915569,1.0
160,2,19.354542940775836,10.237511085337701,30.760263828727886,2005.145457059224,1993.7397361712722,2014.2624889146623,0.593326740813991
157,2,25.43747462339007,17.72318738451412,34.620044826020205,1999.06252537661,1989.8799551739799,2006.7768126154858,0.40421773091410096
154,2,18.800104736881007,15.001388725196477,25.15540078335391,2005.699895263119,1999.3445992166462,2009.4986112748036,0.9562671525871935
373,2,28.327580486814018,18.68717267001864,40.019812600666285,1996.172419513186,1984.4801873993338,2005.8128273299812,1.0
376,2,22.278652929569606,9.395019093581823,36.90442995484892,2002.2213470704303,1987.5955700451511,2015.1049809064182,1.0
369,2,25.448497726182534,17.639975430950244,34.71950534151898,1999.0515022738175,1989.780494658481,2006.8600245690498,1.0
368,2,28.340618698412587,15.94302370517903,41.514260552222254,1996.1593813015875,1982.9857394477776,2008.556976294821,0.846546149487228
370,2,36.367305830545824,17.550871963488078,56.89986645277551,1988.1326941694542,1967.6001335472245,2006.9491280365119,0.8454906056599372
371,2,63.239271492949044,42.261576290822006,85.69395569415872,1961.260728507051,1938.8060443058412,1982.238423709178,0.809191008988789
176,2,23.82459583668462,13.658909142086486,34.27150867124942,2000.6754041633153,1990.2284913287506,2010.8410908579135,0.02972189197897801
180,2,17.615180153388696,10.280315161063413,25.489591263204318,2006.8848198466112,1999.0104087367956,2014.2196848389367,0.6849590560104888
182,2,18.225368696519396,11.131641463603785,26.532702780514967,2006.2746313034806,1997.967297219485,2013.3683585363963,0.5118387573471406
185,2,14.187005458234358,8.114779281105257,20.98734431846023,2010.3129945417656,2003.5126556815399,2016.3852207188947,0.95364495950045
351,2,45.250908600300555,29.363567992342382,62.27328616512864,1979.2490913996994,1962.2267138348714,1995.1364320076577,0.8819235341829536
355,2,21.142434763274334,10.428570041933142,33.621968053892715,2003.3575652367256,1990.8780319461073,2014.0714299580668,1.0
360,2,30.169444895510917,18.20351736115566,43.29831525907434,1994.3305551044891,1981.2016847409257,2006.2964826388443,0.9917000922211976
170,2,13.40615075068225,8.708561128057738,19.389206948186825,2011.0938492493178,2005.1107930518133,2015.7914388719423,0.9251341651759425
171,2,15.833910529211327,9.908325314598699,22.746004917212076,2008.6660894707886,2001.753995082788,2014.5916746854014,0.03591071210319886
356,2,48.19205300276553,32.98802895760582,66.08065594240361,1976.3079469972345,1958.4193440575964,1991.5119710423942,0.44386173486961256
338,2,14.316299377321656,8.736583579048272,21.652830487894562,2010.1837006226783,2002.8471695121054,2015.7634164209517,1.0
337,2,23.31020581505098,13.191301682863582,34.482530404899535,2001.189794184949,1990.0174695951005,2011.3086983171365,1.0
186,2,15.408576681684623,9.366469993858686,22.122698538925675,2009.0914233183153,2002.3773014610742,2015.1335300061414,0.10148776124709726
343,2,23.81236855900359,12.307122469752812,36.15253088585342,2000.6876314409965,1988.3474691141466,2012.1928775302472,0.01289985666825924
342,2,11.97311068075374,8.117974893405119,17.32938952834661,2012.5268893192463,2007.1706104716534,2016.382025106595,1.0
191,2,15.342834962100607,8.935703738234736,22.665193616668148,2009.1571650378994,2001.8348063833319,2015.5642962617653,0.20106443261741536
193,2,30.987860881745934,19.41739710808895,44.66439372715473,1993.512139118254,1979.8356062728453,2005.082602891911,0.11756536038488462
192,2,16.646526179407978,9.542810602745448,24.674270234199867,2007.853473820592,1999.8257297658001,2014.9571893972545,0.8399017788691236
196,2,25.51801028664725,16.36095029024699,36.71517384847249,1998.9819897133527,1987.7848261515276,2008.139049709753,1.0
349,2,27.890208924721364,14.761946530371716,42.716875796589875,1996.6097910752787,1981.7831242034101,2009.7380534696283,0.46797257808246573
326,2,12.389224714887918,8.000418735934716,18.189468082098927,2012.1107752851121,2006.310531917901,2016.4995812640652,0.33869623670848104
206,2,34.81832651021829,20.434064167434144,50.85051985985484,1989.6816734897818,1973.6494801401452,2004.0659358325659,0.38726236375151385
205,2,26.963135320091723,15.131640438109827,40.1290953309221,1997.5368646799084,1984.3709046690778,2009.3683595618902,0.9986111265430384
202,2,21.817079178274895,12.183250844660904,33.86659264540208,2002.682920821725,1990.633407354598,2012.316749155339,0.9986666814813169
327,2,16.38438719259168,9.781018418688404,24.288274071536932,2008.1156128074083,2000.211725928463,2014.7189815813117,0.5975044721725314
216,2,39.79260878212517,25.00287812733569,55.75191328686935,1984.7073912178748,1968.7480867131308,1999.4971218726644,0.039921778646903924
215,2,22.28380507670561,13.004116352793062,33.26121644306693,2002.2161949232943,1991.238783556933,2011.495883647207,0.9937667359251564
210,2,45.660459388034866,30.175157047384005,63.28009971747318,1978.839540611965,1961.2199002825269,1994.324842952616,0.8466017044255064
424,2,15.13283542893102,7.306157125901109,24.737416619967917,2009.367164571069,1999.762583380032,2017.193842874099,1.0
423,2,10.876567294437553,8.084773229861526,14.808877373368432,2013.6234327055624,2009.6911226266316,2016.4152267701384,0.4776613593182298
419,2,23.388764333652894,16.485896333248263,31.33899026681496,2001.111235666347,1993.161009733185,2008.0141036667517,0.43927289696781147
109,2,10.850587115969088,8.10375145223378,14.391062993660853,2013.6494128840309,2010.1089370063391,2016.3962485477662,0.38154020510883213
408,2,23.069407284446104,16.13996490619138,31.49600166967008,2001.430592715554,1993.00399833033,2008.3600350938086,0.9114232064088177
407,2,22.003410045292952,16.00047834693993,30.513010842100698,2002.4965899547071,1993.9869891578992,2008.4995216530601,0.3648070576993589
398,2,35.335859613369166,20.67129714243123,51.09296926417085,1989.1641403866308,1973.4070307358293,2003.8287028575687,0.9798891123431962
401,2,18.592349903580434,10.128576161673607,28.239974289536633,2005.9076500964195,1996.2600257104634,2014.3714238383263,1.0
135,2,16.823951823184665,14.122538411978496,20.442242493072,2007.6760481768154,2004.057757506928,2010.3774615880216,0.1973755847157254
131,2,24.79063946209335,18.66071501257113,31.908029262012178,1999.7093605379066,1992.5919707379878,2005.839284987429,0.03733291852312752
409,2,21.562387332036174,16.54409205847452,28.10370945417776,2002.9376126679638,1996.3962905458222,2007.9559079415255,0.9875334718503128
129,2,19.806222437836205,16.141891015926035,25.01798244359634,2004.6937775621639,1999.4820175564037,2008.358108984074,0.12388751236097377
140,2,18.89165106192925,16.000580371598318,24.122547059254146,2005.6083489380708,2000.3774529407458,2008.4994196284017,0.17744247286141265
397,2,33.6114315410277,19.08129077794888,50.525702368829684,1990.8885684589723,1973.9742976311704,2005.4187092220511,0.13142076199153344
396,2,30.904411850170828,18.627953922095145,45.078404849834726,1993.5955881498292,1979.4215951501653,2005.8720460779048,1.0
152,2,17.320044007808594,11.456504257209929,24.042168583022544,2007.1799559921915,2000.4578314169776,2013.0434957427901,0.9646781702425529
149,2,24.05999171014993,17.721497659473187,31.441201190149286,2000.44000828985,1993.0587988098507,2006.7785023405268,0.19512005422161977
145,2,25.68696870664577,18.140995523303786,34.68895997864615,1998.8130312933542,1989.8110400213538,2006.359004476696,0.9386117932022977
142,2,18.95987410809258,16.065523598244425,23.06456108863449,2005.5401258919073,2001.4354389113655,2008.4344764017555,0.9696892256752703
143,2,23.105237576761567,16.95221420817694,30.693104230489098,2001.3947624232385,1993.806895769511,2007.5477857918231,0.06561038210686548
393,2,25.50923281172973,13.72928871192073,38.22209843819218,1998.9907671882702,1986.2779015618078,2010.7707112880794,0.9993555627159698
388,2,20.231185917662135,8.500421784427886,32.792188878339175,2004.268814082338,1991.7078111216608,2015.999578215572,0.37375140276219154
382,2,31.589790573304704,21.237675373199295,43.42913746754391,1992.9102094266952,1981.070862532456,2003.2623246268008,0.8843123965289275
386,2,24.245101343969004,18.225367488659288,31.55662947001963,2000.254898656031,1992.9433705299803,2006.2746325113408,0.3305296607815469
447,2,30.378444602783738,19.094766517960522,42.45074483751074,1994.1215553972163,1982.0492551624893,2005.4052334820394,0.37860690436772926
445,2,27.571234551950496,15.314633846355974,41.31108651872995,1996.9287654480495,1983.18891348127,2009.185366153644,0.9998777791357873
443,2,12.436179531239457,8.650339104704358,17.15030211737394,2012.0638204687605,2007.349697882626,2015.8496608952955,0.9850334996277819
105,2,31.309890841574795,18.977436698599348,44.057181159053584,1993.1901091584252,1980.4428188409465,2005.5225633014006,0.10038777346918368
102,2,20.13819910056524,10.948626578440553,31.159828728929597,2004.3618008994347,1993.3401712710704,2013.5513734215594,1.0
103,2,25.841698938675197,14.72930883628294,37.65692011555478,1998.658301061325,1986.8430798844452,2009.770691163717,0.3897067810357663
100,2,25.066127551126524,13.337304025690713,38.13532579492622,1999.4338724488734,1986.3646742050737,2011.1626959743094,0.21934200731102987
93,2,12.192435162352691,8.09643992926351,17.99790582252166,2012.3075648376473,2006.5020941774783,2016.4035600707366,1.0
431,2,31.08944868845203,20.80012991928595,43.796804094970355,1993.410551311548,1980.7031959050296,2003.699870080714,0.05028833012966523
92,2,18.30437518104263,15.001508881739085,22.741640795367687,2006.1956248189574,2001.7583592046324,2009.498491118261,0.43946178375795825
439,2,20.325826819087833,11.444631631195051,30.22379509840198,2004.1741731809122,1994.276204901598,2013.055368368805,0.7434806279930223
438,2,12.742332973178131,8.179464484087077,18.731225078621776,2011.7576670268218,2005.7687749213783,2016.320535515913,0.494683392406751
432,2,35.3098258011435,23.236902033521744,48.95451203049447,1989.1901741988565,1975.5454879695055,2001.2630979664782,0.07656581593537849
112,2,24.927835683331992,14.23390722874666,36.492569418420885,1999.572164316668,1988.0074305815792,2010.2660927712534,0.47778358018244244
115,2,40.583445052088365,25.844564560536583,56.56333905804706,1983.9165549479117,1967.936660941953,1998.6554354394634,0.2734525171942534
430,2,22.28094937593334,16.56616051791002,29.702121058147043,2002.2190506240668,1994.797878941853,2007.93383948209,0.08901012210975434
410,2,8.80180421879655,7.045288107147485,12.241381345950856,2015.6981957812034,2012.258618654049,2017.4547118928526,1.0
415,2,24.107558604563568,13.58562137381972,35.13403515103158,2000.3924413954364,1989.3659648489684,2010.9143786261802,0.44101732202975524
416,2,25.84210231670171,14.057727449989272,38.498213654673066,1998.6578976832982,1986.001786345327,2010.4422725500108,0.9980889101232209
113,2,20.73019271243665,12.430757345096197,30.206147109348876,2003.7698072875633,1994.2938528906511,2012.0692426549037,0.9542005088832346
80,2,21.100543897264536,16.356328354243658,27.16579368784602,2003.3994561027355,1997.334206312154,2008.1436716457563,0.07848801679981333
85,2,19.522781822248113,16.15672246502811,24.04016838001735,2004.9772181777519,2000.4598316199827,2008.343277534972,0.28569682559082676
76,2,20.798727684179337,16.205474679843377,27.24085174240355,2003.7012723158207,1997.2591482575965,2008.2945253201567,0.07781024655281608
468,2,11.262519322529354,5.326926842418629,18.23873595082523,2013.2374806774706,2006.2612640491748,2019.1730731575813,1.0
461,2,9.972802208461186,4.778250481204566,15.813135626007409,2014.5271977915388,2008.6868643739926,2019.7217495187954,0.999022233086299
458,2,18.620042094556414,9.450299124346486,29.813083790531493,2005.8799579054437,1994.6869162094686,2015.0497008756536,0.11624315285385718
88,2,19.15813513534503,15.090604660070653,24.601173119837767,2005.341864864655,1999.8988268801622,2009.4093953399292,0.15398717792024533
87,2,20.130961722289502,15.118728656418511,26.776586155227847,2004.3690382777104,1997.723413844772,2009.3812713435814,0.10923211964311508
79,2,9.82380006067855,4.156180133270709,16.109802734019922,2014.6761999393214,2008.39019726598,2020.3438198667293,0.9919112009866558
75,2,18.572632826770434,15.094665611089454,23.21036839198723,2005.9273671732296,2001.2896316080128,2009.4053343889104,0.08092132309641004
448,2,33.15878818309492,21.449575492997354,45.58722930218181,1991.3412118169051,1978.9127706978181,2003.0504245070026,0.2774635837379585
455,2,22.67250021007335,17.50669726855938,28.66748315296371,2001.8274997899266,1995.8325168470362,2006.9933027314405,1.0
43,2,10.21868477411668,3.6031756791937823,17.885443236432423,2014.2813152258834,2006.6145567635676,2020.8968243208062,1.0
66,2,15.561404356432151,10.10953554176507,23.011170084816968,2008.9385956435679,2001.488829915183,2014.3904644582349,0.9999333340740658
63,2,31.476321587223623,19.255292870963984,44.94035750179489,1993.0236784127765,1979.559642498205,2005.244707129036,0.3466072599193342
65,2,21.19434455972261,12.573496108805386,31.19813583483574,2003.3056554402774,1993.3018641651643,2011.9265038911947,0.6673036966255931
59,2,27.244702056303584,17.661837168610816,37.892321140462855,1997.2552979436964,1986.6076788595371,2006.8381628313891,0.9983777958022688
467,2,15.045329261138356,14.001416203365181,17.029370020603835,2009.4546707388618,2007.470629979396,2010.4985837966349,0.29503005522160863
470,2,29.134866483016296,16.001743778397667,42.65025248898155,1995.3651335169836,1981.8497475110184,2008.4982562216023,0.6666370373662515
472,2,44.3100813708829,28.335207387984553,61.59136533098314,1980.189918629117,1962.908634669017,1996.1647926120154,0.43717292030088556
475,2,19.256725904728683,6.515748453989033,34.223730723692654,2005.2432740952713,1990.2762692763074,2017.984251546011,0.9147898356684926
56,2,18.56325829400189,11.093592167334918,27.05454020737551,2005.9367417059982,1997.4454597926244,2013.406407832665,1.0
481,2,53.826634958776815,30.65700068808826,79.28083263345223,1970.6733650412232,1945.2191673665477,1993.8429993119116,1.0
482,2,15.933490596795753,8.752643149180585,25.022001406361028,2008.5665094032042,1999.4779985936389,2015.7473568508194,1.0
55,2,14.931424195424754,8.7235230308778,22.382048664840852,2009.5685758045752,2002.1179513351592,2015.776476969122,1.0
54,2,30.850284076867954,19.069467163071096,43.034977698886394,1993.6497159231321,1981.4650223011135,2005.430532836929,0.12198753347185032
50,2,13.39542433856874,8.250553226052546,19.84164964209924,2011.1045756614312,2004.6583503579009,2016.2494467739475,0.81305763269297
51,2,25.087196287906277,16.142648632460123,35.285995384558134,1999.4128037120938,1989.2140046154418,2008.3573513675399,0.12994300063332628
33,2,17.761102512255718,10.849302946619503,25.442301058504995,2006.7388974877442,1999.057698941495,2013.6506970533806,0.9993555627159698
32,2,14.404902541162091,9.183681040040426,20.306953879756293,2010.095097458838,2004.1930461202437,2015.3163189599595,0.37629581893534514
26,2,27.900657304289567,18.35123128012117,38.53382393849671,1996.5993426957104,1985.9661760615033,2006.1487687198787,0.09461005988822346
27,2,20.98124375119404,14.228747324017206,29.3332729268422,2003.5187562488059,1995.1667270731577,2010.2712526759829,0.4238619570893657
494,2,23.85909848834006,15.396268627232587,32.60510173916475,2000.6409015116599,1991.8948982608354,2009.1037313727675,0.31881867979244677
38,2,19.837793833118813,16.171532896138842,24.424913186158392,2004.662206166881,2000.0750868138416,2008.3284671038612,0.2690303441072877
493,2,24.687215011722177,17.428595512620745,33.2190501295882,1999.8127849882778,1991.2809498704119,2007.0714044873794,0.5842601748869457
40,2,19.931614544511934,16.063240108942352,25.7567655727172,2004.5683854554882,1998.743234427283,2008.4367598910576,0.12636526260819325
498,2,65.05341272305718,45.60831398225358,86.68415325841704,1959.4465872769429,1937.8158467415828,1978.8916860177465,1.0
497,2,31.545262207312902,18.50486197501121,46.846653327391095,1992.9547377926872,1977.653346672609,2005.9951380249888,0.8612348751680536
496,2,18.49792392258539,13.099725135991434,25.361294283509494,2006.0020760774146,1999.1387057164904,2011.4002748640087,0.9952111643203965
499,2,52.223748613165824,33.8168668656935,72.45712110705591,1972.2762513868342,1952.0428788929441,1990.6831331343064,1.0
9,2,15.048719005947564,6.4313110176073,24.597497474052204,2009.4512809940525,1999.9025025259477,2018.0686889823928,0.5370940322885301
503,2,17.985451565619226,9.686444287881045,28.65618385487386,2006.5145484343807,1995.843816145126,2014.813555712119,0.8782791302318863
524,2,12.791399940709566,7.00893537432097,20.52935857350616,2011.7086000592903,2003.9706414264938,2017.491064625679,0.9999333340740658
526,2,8.702464968922714,6.878189995050207,12.323156214421545,2015.7975350310774,2012.1768437855785,2017.6218100049498,1.0
